timestamp,BTC,KRW,JPY,WTI,GOLD,DXY
2026-06-05 04:36:00+00:00,63031.828125,1542.9599609375,159.9510040283203,93.12000274658203,4465.89990234375,99.41200256347656
2026-06-05 04:37:00+00:00,63068.05859375,1543.3800048828125,159.96299743652344,93.12000274658203,4466.39990234375,99.41200256347656
2026-06-05 04:38:00+00:00,63079.44140625,1543.3800048828125,159.96400451660156,93.0999984741211,4466.10009765625,99.41200256347656
2026-06-05 04:39:00+00:00,63034.0,1543.5999755859375,159.96299743652344,93.08999633789062,4468.10009765625,99.41000366210938
2026-06-05 04:40:00+00:00,63019.828125,1542.780029296875,159.96099853515625,93.05999755859375,4468.39990234375,99.40799713134766
2026-06-05 04:41:00+00:00,62998.26953125,1542.6800537109375,159.96099853515625,93.07999801635742,4468.10009765625,99.40699768066406
2026-06-05 04:42:00+00:00,62970.1015625,1543.1300048828125,159.95799255371094,93.0999984741211,4466.89990234375,99.40899658203125
2026-06-05 04:43:00+00:00,62922.69921875,1543.0799560546875,159.96099853515625,93.0999984741211,4466.2001953125,99.41100311279297
2026-06-05 04:44:00+00:00,62950.37109375,1543.47998046875,159.95599365234375,93.08999633789062,4467.2998046875,99.40799713134766
2026-06-05 04:45:00+00:00,62991.19140625,1543.3199462890625,159.95799255371094,93.08999633789062,4467.2998046875,99.41200256347656
2026-06-05 04:46:00+00:00,62834.6796875,1543.280029296875,159.96299743652344,93.0999984741211,4466.0,99.41100311279297
2026-06-05 04:47:00+00:00,62822.3984375,1543.5799560546875,159.95799255371094,93.13999938964844,4467.60009765625,99.40899658203125
2026-06-05 04:48:00+00:00,62788.26171875,1543.4100341796875,159.95599365234375,93.12000274658203,4467.2998046875,99.41100311279297
2026-06-05 04:49:00+00:00,62889.890625,1542.8800048828125,159.95599365234375,93.12999725341797,4467.2001953125,99.41000366210938
2026-06-05 04:50:00+00:00,63059.6015625,1542.5799560546875,159.95899963378906,93.0999984741211,4468.5,99.41000366210938
2026-06-05 04:51:00+00:00,63046.05078125,1542.47998046875,159.95700073242188,93.11000061035156,4468.5,99.40899658203125
2026-06-05 04:52:00+00:00,63096.4296875,1543.010009765625,159.9550018310547,93.12999725341797,4468.5,99.40699768066406
2026-06-05 04:53:00+00:00,63110.0,1542.1800537109375,159.9530029296875,93.08999633789062,4469.0,99.40499877929688
2026-06-05 04:54:00+00:00,63240.0,1542.1800537109375,159.9600067138672,93.0199966430664,4469.89990234375,99.40299987792969
2026-06-05 04:55:00+00:00,63171.1484375,1541.2900390625,159.95899963378906,93.0199966430664,4471.10009765625,99.39900207519531
2026-06-05 04:56:00+00:00,63166.0,1541.8800048828125,159.95199584960938,93.08000183105469,4471.7001953125,99.39900207519531
2026-06-05 04:57:00+00:00,63168.01171875,1541.97998046875,159.95199584960938,93.04000091552734,4472.39990234375,99.39900207519531
2026-06-05 04:58:00+00:00,63274.828125,1542.27001953125,159.95799255371094,93.02999877929688,4471.7001953125,99.4000015258789
2026-06-05 04:59:00+00:00,63520.01171875,1542.47998046875,159.95199584960938,93.02999877929688,4471.0,99.40399932861328
2026-06-05 05:00:00+00:00,63439.359375,1542.780029296875,159.96400451660156,93.0199966430664,4470.5,99.40499877929688
2026-06-05 05:01:00+00:00,63461.25,1542.47998046875,159.9550018310547,93.05999755859375,4472.0,99.4010009765625
2026-06-05 05:02:00+00:00,63427.71875,1542.3800048828125,159.95799255371094,93.05999755859375,4472.39990234375,99.40499877929688
2026-06-05 05:03:00+00:00,63359.98046875,1542.3800048828125,159.95399475097656,93.13999938964844,4474.89990234375,99.40699768066406
2026-06-05 05:04:00+00:00,63339.0390625,1542.6800537109375,159.95899963378906,93.1500015258789,4473.7001953125,99.41100311279297
2026-06-05 05:05:00+00:00,63425.01953125,1542.4200439453125,159.95899963378906,93.08999633789062,4474.2998046875,99.40799713134766
2026-06-05 05:06:00+00:00,63419.53125,1542.47998046875,159.9550018310547,93.1500015258789,4474.10009765625,99.40899658203125
2026-06-05 05:07:00+00:00,63414.98828125,1542.760009765625,159.95399475097656,93.12000274658203,4474.39990234375,99.40799713134766
2026-06-05 05:08:00+00:00,63319.390625,1542.6099853515625,159.9530029296875,93.12999725341797,4475.60009765625,99.40899658203125
2026-06-05 05:09:00+00:00,63327.1015625,1542.4100341796875,159.95899963378906,93.12000274658203,4473.2001953125,99.40899658203125
2026-06-05 05:10:00+00:00,63374.80078125,1542.3800048828125,159.95399475097656,93.12000274658203,4474.5,99.40599822998047
2026-06-05 05:11:00+00:00,63366.37890625,1542.4100341796875,159.95700073242188,93.12999725341797,4474.2998046875,99.40499877929688
2026-06-05 05:12:00+00:00,63303.1484375,1542.5799560546875,159.95599365234375,93.13999938964844,4473.2001953125,99.40799713134766
2026-06-05 05:13:00+00:00,63275.71875,1542.489990234375,159.9550018310547,93.11000061035156,4475.2001953125,99.40599822998047
2026-06-05 05:14:00+00:00,63301.76953125,1542.9000244140625,159.95199584960938,93.0999984741211,4474.7001953125,99.40799713134766
2026-06-05 05:15:00+00:00,63279.421875,1542.739990234375,159.95199584960938,93.06999969482422,4471.60009765625,99.40699768066406
2026-06-05 05:16:00+00:00,63243.48046875,1542.9200439453125,159.95899963378906,93.08999633789062,4472.0,99.40699768066406
2026-06-05 05:17:00+00:00,63230.2109375,1543.0,159.9499969482422,93.12999725341797,4470.39990234375,99.40399932861328
2026-06-05 05:18:00+00:00,63252.7109375,1542.8399658203125,159.9530029296875,93.1500015258789,4471.0,99.40599822998047
2026-06-05 05:19:00+00:00,63257.51171875,1542.1800537109375,159.9499969482422,93.16000366210938,4471.39990234375,99.40499877929688
2026-06-05 05:20:00+00:00,63298.73828125,1542.3399658203125,159.9459991455078,93.16000366210938,4471.5,99.40399932861328
2026-06-05 05:21:00+00:00,63359.26953125,1541.8800048828125,159.94700622558594,93.16000366210938,4470.2001953125,99.4020004272461
2026-06-05 05:22:00+00:00,63306.890625,1541.3800048828125,159.9499969482422,93.13999938964844,4469.2001953125,99.40399932861328
2026-06-05 05:23:00+00:00,63333.0,1542.3599853515625,159.94200134277344,93.16000366210938,4468.39990234375,99.40799713134766
2026-06-05 05:24:00+00:00,63317.26953125,1542.0799560546875,159.92999267578125,93.12999725341797,4470.7001953125,99.4020004272461
2026-06-05 05:25:00+00:00,63360.0390625,1541.93994140625,159.9290008544922,93.08999633789062,4470.2998046875,99.40299987792969
2026-06-05 05:26:00+00:00,63386.30078125,1541.97998046875,159.93499755859375,93.0999984741211,4470.2998046875,99.4020004272461
2026-06-05 05:27:00+00:00,63456.3515625,1541.9200439453125,159.92599487304688,93.0999984741211,4471.2998046875,99.4020004272461
2026-06-05 05:28:00+00:00,63417.01171875,1542.1400146484375,159.92599487304688,93.05999755859375,4471.10009765625,99.40299987792969
2026-06-05 05:29:00+00:00,63440.46875,1541.8800048828125,159.93299865722656,93.0199966430664,4471.0,99.40299987792969
2026-06-05 05:30:00+00:00,63458.0,1541.780029296875,159.92999267578125,93.05999755859375,4469.0,99.3949966430664
2026-06-05 05:31:00+00:00,63423.640625,1541.5799560546875,159.93299865722656,92.94999694824219,4468.2001953125,99.38700103759766
2026-06-05 05:32:00+00:00,63385.62109375,1540.6800537109375,159.9239959716797,93.0,4467.10009765625,99.38600158691406
2026-06-05 05:33:00+00:00,63309.98828125,1540.9200439453125,159.92300415039062,93.01000213623047,4468.2998046875,99.38700103759766
2026-06-05 05:34:00+00:00,63274.5390625,1540.280029296875,159.91600036621094,93.01000213623047,4468.5,99.38600158691406
2026-06-05 05:35:00+00:00,63190.0,1540.6500244140625,159.9219970703125,93.0999984741211,4468.89990234375,99.38400268554688
2026-06-05 05:36:00+00:00,63143.55859375,1539.3800048828125,159.92100524902344,93.08999633789062,4473.5,99.37899780273438
2026-06-05 05:37:00+00:00,63069.53125,1540.3800048828125,159.91600036621094,93.12000274658203,4471.89990234375,99.38200378417969
2026-06-05 05:38:00+00:00,63072.140625,1540.1800537109375,159.92100524902344,93.18000030517578,4472.0,99.38700103759766
2026-06-05 05:39:00+00:00,63087.6484375,1540.5799560546875,159.9340057373047,93.20999908447266,4471.7998046875,99.39600372314453
2026-06-05 05:40:00+00:00,63121.3515625,1540.739990234375,159.9340057373047,93.11000061035156,4472.7001953125,99.39299774169922
2026-06-05 05:41:00+00:00,62946.2109375,1541.050048828125,159.92799377441406,93.18000030517578,4470.60009765625,99.39399719238281
2026-06-05 05:42:00+00:00,62952.9609375,1540.780029296875,159.93899536132812,93.1500015258789,4472.0,99.39199829101562
2026-06-05 05:43:00+00:00,62866.0,1541.0,159.9320068359375,93.0999984741211,4469.7001953125,99.39700317382812
2026-06-05 05:44:00+00:00,62824.1484375,1541.0799560546875,159.94000244140625,93.13999938964844,4469.7001953125,99.39600372314453
2026-06-05 05:45:00+00:00,62733.25,1540.97998046875,159.93600463867188,93.0999984741211,4469.2998046875,99.39199829101562
2026-06-05 05:46:00+00:00,62679.1796875,1541.219970703125,159.9429931640625,93.11000061035156,4469.10009765625,99.3949966430664
2026-06-05 05:47:00+00:00,62617.91015625,1540.97998046875,159.93299865722656,93.0999984741211,4472.0,99.39099884033203
2026-06-05 05:48:00+00:00,62723.98046875,1541.5699462890625,159.92999267578125,93.08999633789062,4472.5,99.38999938964844
2026-06-05 05:49:00+00:00,62712.98828125,1541.800048828125,159.9320068359375,93.0999984741211,4473.7998046875,99.39099884033203
2026-06-05 05:50:00+00:00,62777.41015625,1541.469970703125,159.93299865722656,92.97000122070312,4472.60009765625,99.38999938964844
2026-06-05 05:51:00+00:00,62830.5703125,1541.3800048828125,159.9429931640625,93.0,4473.60009765625,99.39099884033203
2026-06-05 05:52:00+00:00,62815.0703125,1541.8499755859375,159.94200134277344,93.08000183105469,4472.7998046875,99.39099884033203
2026-06-05 05:53:00+00:00,62678.16015625,1541.5799560546875,159.9459991455078,93.08000183105469,4470.89990234375,99.39399719238281
2026-06-05 05:54:00+00:00,62638.3515625,1541.8599853515625,159.94500732421875,93.05999755859375,4469.89990234375,99.39600372314453
2026-06-05 05:55:00+00:00,62600.8515625,1542.0699462890625,159.95199584960938,93.02999877929688,4469.39990234375,99.4010009765625
2026-06-05 05:56:00+00:00,62572.890625,1542.050048828125,159.9510040283203,93.11000061035156,4467.7998046875,99.4020004272461
2026-06-05 05:57:00+00:00,62469.94140625,1542.5799560546875,159.95599365234375,93.05999755859375,4465.2998046875,99.41100311279297
2026-06-05 05:58:00+00:00,62328.0,1542.47998046875,159.96200561523438,92.97000122070312,4466.2001953125,99.41100311279297
2026-06-05 05:59:00+00:00,62267.80078125,1542.5799560546875,159.96299743652344,92.94000244140625,4465.89990234375,99.41000366210938
2026-06-05 06:00:00+00:00,62170.37109375,1542.199951171875,159.95700073242188,92.93000030517578,4467.2998046875,99.41500091552734
2026-06-05 06:01:00+00:00,62339.78125,1541.969970703125,159.95700073242188,93.01000213623047,4465.7998046875,99.41300201416016
2026-06-05 06:02:00+00:00,62194.12890625,1541.97998046875,159.96400451660156,93.06999969482422,4463.7001953125,99.41799926757812
2026-06-05 06:03:00+00:00,62007.3515625,1542.0799560546875,159.96600341796875,93.05999755859375,4462.7998046875,99.42400360107422
2026-06-05 06:04:00+00:00,62106.0,1541.8800048828125,159.94700622558594,93.08999633789062,4463.7998046875,99.41600036621094
2026-06-05 06:05:00+00:00,62269.33984375,1541.780029296875,159.9510040283203,93.05999755859375,4465.2998046875,99.41400146484375
2026-06-05 06:06:00+00:00,62468.640625,1541.280029296875,159.947998046875,93.02999877929688,4466.7998046875,99.41300201416016
2026-06-05 06:07:00+00:00,62512.2109375,1541.4599609375,159.95700073242188,93.04000091552734,4466.60009765625,99.41899871826172
2026-06-05 06:08:00+00:00,62509.98046875,1541.47998046875,159.95700073242188,92.97000122070312,4466.2001953125,99.42400360107422
2026-06-05 06:09:00+00:00,62375.37109375,1542.47998046875,159.95700073242188,92.98999786376953,4466.89990234375,99.4219970703125
2026-06-05 06:10:00+00:00,62394.9296875,1542.1800537109375,159.9550018310547,92.9000015258789,4467.60009765625,99.4209976196289
2026-06-05 06:11:00+00:00,62325.21875,1542.3800048828125,159.96099853515625,92.81999969482422,4464.89990234375,99.41999816894531
2026-06-05 06:12:00+00:00,62237.51953125,1542.4300537109375,159.9530029296875,92.79000091552734,4463.2001953125,99.41999816894531
2026-06-05 06:13:00+00:00,62120.140625,1542.3800048828125,159.9510040283203,92.61000061035156,4465.2998046875,99.41200256347656
2026-06-05 06:14:00+00:00,62025.328125,1542.780029296875,159.95599365234375,92.69999694824219,4463.2998046875,99.41200256347656
2026-06-05 06:15:00+00:00,61973.0703125,1543.3499755859375,159.96600341796875,92.76000213623047,4461.89990234375,99.41600036621094
2026-06-05 06:16:00+00:00,61904.01171875,1543.5799560546875,159.9550018310547,92.80000305175781,4458.7001953125,99.41400146484375
2026-06-05 06:17:00+00:00,61900.0,1543.93994140625,159.95799255371094,92.87000274658203,4459.0,99.41899871826172
2026-06-05 06:18:00+00:00,61825.9609375,1544.050048828125,159.96299743652344,92.94999694824219,4456.2001953125,99.4209976196289
2026-06-05 06:19:00+00:00,61769.5,1543.780029296875,159.9600067138672,92.91000366210938,4463.0,99.41300201416016
2026-06-05 06:20:00+00:00,61689.3515625,1543.780029296875,159.96299743652344,92.94999694824219,4462.60009765625,99.41300201416016
2026-06-05 06:21:00+00:00,61476.55859375,1544.0799560546875,159.96400451660156,92.9800033569336,4464.0,99.41400146484375
2026-06-05 06:22:00+00:00,61350.0,1544.239990234375,159.96299743652344,92.94999694824219,4464.89990234375,99.41600036621094
2026-06-05 06:23:00+00:00,61354.0,1544.1800537109375,159.95799255371094,92.87000274658203,4468.2998046875,99.41200256347656
2026-06-05 06:24:00+00:00,61401.98046875,1544.6500244140625,159.94700622558594,92.83000183105469,4470.60009765625,99.41100311279297
2026-06-05 06:25:00+00:00,61363.33984375,1543.780029296875,159.95799255371094,92.8499984741211,4471.2998046875,99.41300201416016
2026-06-05 06:26:00+00:00,61394.0,1541.6800537109375,159.9550018310547,92.83000183105469,4469.5,99.40499877929688
2026-06-05 06:27:00+00:00,61617.94140625,1541.47998046875,159.94400024414062,92.87999725341797,4470.0,99.39399719238281
2026-06-05 06:28:00+00:00,61648.01953125,1541.280029296875,159.95199584960938,92.86000061035156,4467.60009765625,99.39700317382812
2026-06-05 06:29:00+00:00,61599.51953125,1539.780029296875,159.94400024414062,92.81999969482422,4468.89990234375,99.38899993896484
2026-06-05 06:30:00+00:00,61618.2109375,1539.47998046875,159.94900512695312,92.70999908447266,4471.39990234375,99.38700103759766
2026-06-05 06:31:00+00:00,61767.21875,1540.47998046875,159.95199584960938,92.75,4470.5,99.38500213623047
2026-06-05 06:32:00+00:00,61808.01171875,1540.6800537109375,159.95399475097656,92.76000213623047,4471.5,99.38700103759766
2026-06-05 06:33:00+00:00,61893.98828125,1540.52001953125,159.94400024414062,92.7300033569336,4474.5,99.37899780273438
2026-06-05 06:34:00+00:00,61652.66015625,1539.780029296875,159.94400024414062,92.70999908447266,4473.0,99.375
2026-06-05 06:35:00+00:00,61697.6484375,1539.2099609375,159.94400024414062,92.70999908447266,4474.2001953125,99.3740005493164
2026-06-05 06:36:00+00:00,61857.16015625,1538.8800048828125,159.94400024414062,92.73999786376953,4476.10009765625,99.36599731445312
2026-06-05 06:37:00+00:00,61645.55859375,1539.1800537109375,159.95199584960938,92.80999755859375,4476.2001953125,99.36499786376953
2026-06-05 06:38:00+00:00,61745.98828125,1539.2099609375,159.95399475097656,92.80000305175781,4475.0,99.36900329589844
2026-06-05 06:39:00+00:00,61746.73046875,1539.3800048828125,159.95199584960938,92.73999786376953,4475.0,99.36599731445312
2026-06-05 06:40:00+00:00,61802.01171875,1539.5799560546875,159.94200134277344,92.76000213623047,4475.2998046875,99.36299896240234
2026-06-05 06:41:00+00:00,61775.48828125,1539.3800048828125,159.947998046875,92.80000305175781,4473.7001953125,99.36199951171875
2026-06-05 06:42:00+00:00,61772.01953125,1539.47998046875,159.94400024414062,92.79000091552734,4474.10009765625,99.35700225830078
2026-06-05 06:43:00+00:00,61844.890625,1538.8800048828125,159.94900512695312,92.76000213623047,4474.7001953125,99.35600280761719
2026-06-05 06:44:00+00:00,62083.8984375,1538.8399658203125,159.94400024414062,92.7699966430664,4474.2001953125,99.35399627685547
2026-06-05 06:45:00+00:00,61955.328125,1539.1800537109375,159.9499969482422,92.86000061035156,4475.60009765625,99.3550033569336
2026-06-05 06:46:00+00:00,61868.76171875,1539.52001953125,159.9459991455078,92.9000015258789,4479.2998046875,99.35299682617188
2026-06-05 06:47:00+00:00,61925.66015625,1539.739990234375,159.93800354003906,92.83999633789062,4482.0,99.35099792480469
2026-06-05 06:48:00+00:00,61964.671875,1539.4100341796875,159.94400024414062,92.83000183105469,4481.39990234375,99.35099792480469
2026-06-05 06:49:00+00:00,61822.30859375,1539.1800537109375,159.94200134277344,92.87000274658203,4480.39990234375,99.35600280761719
2026-06-05 06:50:00+00:00,61799.76953125,1539.219970703125,159.93899536132812,92.80999755859375,4481.5,99.36000061035156
2026-06-05 06:51:00+00:00,61804.80859375,1539.3800048828125,159.94000244140625,92.87999725341797,4481.89990234375,99.37200164794922
2026-06-05 06:52:00+00:00,61797.828125,1539.43994140625,159.92599487304688,92.86000061035156,4480.10009765625,99.36299896240234
2026-06-05 06:53:00+00:00,61898.05859375,1538.97998046875,159.927001953125,92.87000274658203,4479.39990234375,99.35800170898438
2026-06-05 06:54:00+00:00,61929.578125,1539.2099609375,159.93299865722656,92.86000061035156,4478.0,99.35399627685547
2026-06-05 06:55:00+00:00,61921.73046875,1539.9599609375,159.92799377441406,92.81999969482422,4477.2998046875,99.35299682617188
2026-06-05 06:56:00+00:00,61862.0,1539.780029296875,159.92799377441406,92.80000305175781,4478.2001953125,99.3499984741211
2026-06-05 06:57:00+00:00,61922.55859375,1540.030029296875,159.93499755859375,92.80999755859375,4479.39990234375,99.3550033569336
2026-06-05 06:58:00+00:00,61865.41015625,1540.0,159.9290008544922,92.77999877929688,4479.0,99.35199737548828
2026-06-05 06:59:00+00:00,61881.80078125,1539.6800537109375,159.9340057373047,92.76000213623047,4479.7001953125,99.3489990234375
2026-06-05 07:00:00+00:00,61844.890625,1539.47998046875,159.93499755859375,92.76000213623047,4479.2001953125,99.3479995727539
2026-06-05 07:01:00+00:00,61685.48046875,1539.6700439453125,159.93299865722656,92.72000122070312,4481.7001953125,99.34600067138672
2026-06-05 07:02:00+00:00,61595.8203125,1539.719970703125,159.94400024414062,92.68000030517578,4478.7998046875,99.35199737548828
2026-06-05 07:03:00+00:00,61704.0,1540.0,159.9340057373047,92.6500015258789,4481.5,99.34500122070312
2026-06-05 07:04:00+00:00,61633.21875,1539.97998046875,159.93299865722656,92.51000213623047,4481.60009765625,99.34200286865234
2026-06-05 07:05:00+00:00,61569.2890625,1539.9200439453125,159.9250030517578,92.4800033569336,4482.0,99.33999633789062
2026-06-05 07:06:00+00:00,61445.98828125,1540.0799560546875,159.92300415039062,92.4800033569336,4482.2998046875,99.33799743652344
2026-06-05 07:07:00+00:00,61486.01171875,1540.530029296875,159.927001953125,92.55000305175781,4481.39990234375,99.33499908447266
2026-06-05 07:08:00+00:00,61497.23828125,1540.3599853515625,159.9290008544922,92.58999633789062,4484.5,99.33000183105469
2026-06-05 07:09:00+00:00,61484.71875,1540.77001953125,159.92599487304688,92.51000213623047,4484.10009765625,99.33599853515625
2026-06-05 07:10:00+00:00,61415.96875,1541.0799560546875,159.9250030517578,92.58000183105469,4484.7001953125,99.3290023803711
2026-06-05 07:11:00+00:00,61400.76171875,1541.1800537109375,159.93099975585938,92.55999755859375,4485.60009765625,99.31999969482422
2026-06-05 07:12:00+00:00,61511.9609375,1542.050048828125,159.9320068359375,92.51000213623047,4489.89990234375,99.31400299072266
2026-06-05 07:13:00+00:00,61484.08984375,1542.1199951171875,159.92799377441406,92.44999694824219,4487.39990234375,99.31999969482422
2026-06-05 07:14:00+00:00,61464.66015625,1541.8299560546875,159.92799377441406,92.38999938964844,4485.39990234375,99.3219985961914
2026-06-05 07:15:00+00:00,61528.0,1540.5799560546875,159.9219970703125,92.30000305175781,4489.0,99.30899810791016
2026-06-05 07:16:00+00:00,61654.0,1541.300048828125,159.93099975585938,92.31999969482422,4488.60009765625,99.30599975585938
2026-06-05 07:17:00+00:00,61626.01953125,1541.8399658203125,159.93800354003906,92.38999938964844,4488.60009765625,99.30999755859375
2026-06-05 07:18:00+00:00,61609.6484375,1541.780029296875,159.92799377441406,92.41000366210938,4488.7998046875,99.31500244140625
2026-06-05 07:19:00+00:00,61595.41015625,1542.239990234375,159.93099975585938,92.36000061035156,4488.60009765625,99.3219985961914
2026-06-05 07:20:00+00:00,61574.94140625,1541.9200439453125,159.92599487304688,92.4000015258789,4487.0,99.31600189208984
2026-06-05 07:21:00+00:00,61695.4296875,1541.719970703125,159.93499755859375,92.41000366210938,4487.2998046875,99.31500244140625
2026-06-05 07:22:00+00:00,61722.1484375,1541.280029296875,159.9219970703125,92.36000061035156,4490.2001953125,99.3030014038086
2026-06-05 07:23:00+00:00,61846.62109375,1540.7099609375,159.927001953125,92.27999877929688,4490.2998046875,99.30400085449219
2026-06-05 07:24:00+00:00,61763.08984375,1540.31005859375,159.92799377441406,92.2300033569336,4490.89990234375,99.302001953125
2026-06-05 07:25:00+00:00,61809.078125,1541.1300048828125,159.91900634765625,92.19000244140625,4489.89990234375,99.30000305175781
2026-06-05 07:26:00+00:00,62012.01171875,1540.8800048828125,159.92999267578125,92.23999786376953,4490.5,99.30400085449219
2026-06-05 07:27:00+00:00,62184.44140625,1540.530029296875,159.91799926757812,92.20999908447266,4492.10009765625,99.30000305175781
2026-06-05 07:28:00+00:00,62165.359375,1540.280029296875,159.91700744628906,92.16000366210938,4492.7001953125,99.2969970703125
2026-06-05 07:29:00+00:00,62194.0,1539.1800537109375,159.90699768066406,92.08999633789062,4494.10009765625,99.29100036621094
2026-06-05 07:30:00+00:00,62308.69140625,1539.6300048828125,159.90699768066406,92.11000061035156,4492.39990234375,99.29299926757812
2026-06-05 07:31:00+00:00,62126.9296875,1538.3800048828125,159.906005859375,92.16000366210938,4492.2998046875,99.29000091552734
2026-06-05 07:32:00+00:00,62262.0703125,1537.02001953125,159.90499877929688,92.23999786376953,4492.7001953125,99.28800201416016
2026-06-05 07:33:00+00:00,62431.73828125,1538.1800537109375,159.9040069580078,92.19000244140625,4493.2001953125,99.27300262451172
2026-06-05 07:34:00+00:00,62372.5,1538.800048828125,159.9080047607422,92.1500015258789,4493.2001953125,99.27300262451172
2026-06-05 07:35:00+00:00,62487.46875,1538.5799560546875,159.91400146484375,92.19999694824219,4491.10009765625,99.26899719238281
2026-06-05 07:36:00+00:00,62479.609375,1538.47998046875,159.91400146484375,92.2699966430664,4490.0,99.26200103759766
2026-06-05 07:37:00+00:00,62724.0,1537.0799560546875,159.91200256347656,92.33999633789062,4489.2001953125,99.25700378417969
2026-06-05 07:38:00+00:00,62732.328125,1536.780029296875,159.9080047607422,92.31999969482422,4490.2001953125,99.24099731445312
2026-06-05 07:39:00+00:00,62703.7890625,1536.4300537109375,159.9080047607422,92.37999725341797,4488.89990234375,99.25
2026-06-05 07:40:00+00:00,62700.0,1538.1500244140625,159.9239959716797,92.36000061035156,4486.60009765625,99.26399993896484
2026-06-05 07:41:00+00:00,62801.48828125,1538.4300537109375,159.91700744628906,92.36000061035156,4488.7001953125,99.26699829101562
2026-06-05 07:42:00+00:00,62785.48828125,1538.47998046875,159.9199981689453,92.41000366210938,4492.5,99.25900268554688
2026-06-05 07:43:00+00:00,62801.421875,1538.6800537109375,159.92300415039062,92.5,4488.39990234375,99.26399993896484
2026-06-05 07:44:00+00:00,62807.62890625,1538.6800537109375,159.9219970703125,92.48999786376953,4489.0,99.2699966430664
2026-06-05 07:45:00+00:00,62840.0,1538.8800048828125,159.9219970703125,92.44999694824219,4490.2998046875,99.26499938964844
2026-06-05 07:46:00+00:00,62752.859375,1539.3800048828125,159.91799926757812,92.3499984741211,4490.0,99.25800323486328
2026-06-05 07:47:00+00:00,62830.390625,1539.199951171875,159.92300415039062,92.41000366210938,4490.0,99.25399780273438
2026-06-05 07:48:00+00:00,62865.98046875,1539.25,159.91400146484375,92.37999725341797,4489.7998046875,99.24600219726562
2026-06-05 07:49:00+00:00,62807.51953125,1539.1600341796875,159.91400146484375,92.37999725341797,4489.89990234375,99.25199890136719
2026-06-05 07:50:00+00:00,62769.26171875,1538.3800048828125,159.9149932861328,92.37999725341797,4488.89990234375,99.25900268554688
2026-06-05 07:51:00+00:00,62871.48046875,1539.3699951171875,159.90699768066406,92.29000091552734,4490.5,99.25499725341797
2026-06-05 07:52:00+00:00,62868.671875,1539.4000244140625,159.91600036621094,92.26000213623047,4491.0,99.26300048828125
2026-06-05 07:53:00+00:00,62820.33984375,1539.6099853515625,159.91400146484375,92.27999877929688,4489.5,99.26100158691406
2026-06-05 07:54:00+00:00,62859.19921875,1539.5999755859375,159.91700744628906,92.37999725341797,4488.5,99.26200103759766
2026-06-05 07:55:00+00:00,62797.51953125,1539.3800048828125,159.9239959716797,92.4000015258789,4489.39990234375,99.25499725341797
2026-06-05 07:56:00+00:00,62822.3984375,1540.1800537109375,159.9219970703125,92.44999694824219,4489.5,99.26000213623047
2026-06-05 07:57:00+00:00,62896.01171875,1540.780029296875,159.94200134277344,92.5199966430664,4488.2998046875,99.2699966430664
2026-06-05 07:58:00+00:00,62938.8515625,1539.9200439453125,159.93699645996094,92.66000366210938,4488.7998046875,99.25900268554688
2026-06-05 07:59:00+00:00,63054.859375,1540.510009765625,159.95199584960938,92.69000244140625,4487.7001953125,99.2770004272461
2026-06-05 08:00:00+00:00,63025.05859375,1540.050048828125,159.94400024414062,92.76000213623047,4487.2001953125,99.26799774169922
2026-06-05 08:01:00+00:00,62975.26953125,1540.3800048828125,159.94000244140625,92.7699966430664,4490.5,99.26599884033203
2026-06-05 08:02:00+00:00,62904.30859375,1540.0799560546875,159.94400024414062,92.66999816894531,4488.2998046875,99.26399993896484
2026-06-05 08:03:00+00:00,62884.0,1540.47998046875,159.9429931640625,92.62999725341797,4487.60009765625,99.25299835205078
2026-06-05 08:04:00+00:00,62812.890625,1540.47998046875,159.93299865722656,92.63999938964844,4488.2998046875,99.25599670410156
2026-06-05 08:05:00+00:00,62842.8515625,1540.280029296875,159.9290008544922,92.56999969482422,4488.7998046875,99.2490005493164
2026-06-05 08:06:00+00:00,62883.98828125,1538.97998046875,159.92799377441406,92.55999755859375,4488.39990234375,99.24199676513672
2026-06-05 08:07:00+00:00,62809.41015625,1540.010009765625,159.9290008544922,92.6500015258789,4487.2998046875,99.24800109863281
2026-06-05 08:08:00+00:00,62700.3203125,1539.510009765625,159.93099975585938,92.58999633789062,4487.0,99.24099731445312
2026-06-05 08:09:00+00:00,62702.0,1539.6800537109375,159.92799377441406,92.55000305175781,4487.2001953125,99.24800109863281
2026-06-05 08:10:00+00:00,62657.98828125,1540.06005859375,159.9250030517578,92.48999786376953,4487.89990234375,99.24299621582031
2026-06-05 08:11:00+00:00,62717.7890625,1540.1400146484375,159.91799926757812,92.48999786376953,4487.60009765625,99.23600006103516
2026-06-05 08:12:00+00:00,62717.03125,1540.5799560546875,159.93600463867188,92.69000244140625,4486.89990234375,99.24099731445312
2026-06-05 08:13:00+00:00,62724.01171875,1540.6500244140625,159.92999267578125,92.76000213623047,4486.7001953125,99.24099731445312
2026-06-05 08:14:00+00:00,62742.69921875,1539.97998046875,159.92599487304688,92.68000030517578,4487.7001953125,99.22599792480469
2026-06-05 08:15:00+00:00,62602.0,1540.1500244140625,159.93699645996094,92.62000274658203,4486.89990234375,99.2300033569336
2026-06-05 08:16:00+00:00,62693.16015625,1539.780029296875,159.9340057373047,92.6500015258789,4487.5,99.23400115966797
2026-06-05 08:17:00+00:00,62531.62109375,1540.010009765625,159.9340057373047,92.6500015258789,4487.7001953125,99.23600006103516
2026-06-05 08:18:00+00:00,62577.01171875,1539.8900146484375,159.9290008544922,92.5999984741211,4488.89990234375,99.23300170898438
2026-06-05 08:19:00+00:00,62587.98828125,1539.530029296875,159.9340057373047,92.51000213623047,4490.0,99.2239990234375
2026-06-05 08:20:00+00:00,62602.16015625,1539.5799560546875,159.9320068359375,92.54000091552734,4489.7998046875,99.23699951171875
2026-06-05 08:21:00+00:00,62645.51953125,1539.22998046875,159.92799377441406,92.44999694824219,4491.2998046875,99.23500061035156
2026-06-05 08:22:00+00:00,62629.859375,1538.9000244140625,159.92599487304688,92.23999786376953,4492.10009765625,99.23699951171875
2026-06-05 08:23:00+00:00,62652.3515625,1538.989990234375,159.92799377441406,92.26000213623047,4491.39990234375,99.23699951171875
2026-06-05 08:24:00+00:00,62645.859375,1538.3699951171875,159.92300415039062,92.19000244140625,4490.7001953125,99.22899627685547
2026-06-05 08:25:00+00:00,62622.0,1538.550048828125,159.92300415039062,92.0199966430664,4491.7998046875,99.23300170898438
2026-06-05 08:26:00+00:00,62661.0,1538.7900390625,159.93099975585938,91.97000122070312,4491.7998046875,99.23200225830078
2026-06-05 08:27:00+00:00,62782.890625,1538.5799560546875,159.93699645996094,92.11000061035156,4490.39990234375,99.23699951171875
2026-06-05 08:28:00+00:00,62752.87109375,1538.97998046875,159.92799377441406,92.06999969482422,4490.7998046875,99.23799896240234
2026-06-05 08:29:00+00:00,62748.98046875,1539.3800048828125,159.93299865722656,91.52999877929688,4493.89990234375,99.23899841308594
2026-06-05 08:30:00+00:00,62738.078125,1538.6400146484375,159.92799377441406,91.86000061035156,4491.7998046875,99.2300033569336
2026-06-05 08:31:00+00:00,62829.98828125,1538.9200439453125,159.92999267578125,91.77999877929688,4493.10009765625,99.22699737548828
2026-06-05 08:32:00+00:00,62737.30078125,1538.9100341796875,159.92599487304688,91.91999816894531,4492.0,99.23500061035156
2026-06-05 08:33:00+00:00,62650.1484375,1538.8499755859375,159.92999267578125,92.01000213623047,4490.5,99.23799896240234
2026-06-05 08:34:00+00:00,62636.51953125,1538.989990234375,159.92599487304688,91.98999786376953,4490.5,99.24099731445312
2026-06-05 08:35:00+00:00,62686.26171875,1539.0,159.92799377441406,92.05999755859375,4490.2001953125,99.23400115966797
2026-06-05 08:36:00+00:00,62585.1796875,1538.5699462890625,159.9250030517578,92.01000213623047,4489.89990234375,99.23400115966797
2026-06-05 08:37:00+00:00,62546.69921875,1539.0,159.92799377441406,92.0,4489.60009765625,99.23699951171875
2026-06-05 08:38:00+00:00,62492.6796875,1539.0799560546875,159.9290008544922,92.11000061035156,4488.89990234375,99.23500061035156
2026-06-05 08:39:00+00:00,62474.30859375,1539.0799560546875,159.92599487304688,92.13999938964844,4488.89990234375,99.2300033569336
2026-06-05 08:40:00+00:00,62515.12890625,1539.0899658203125,159.9320068359375,92.13999938964844,4488.2998046875,99.23200225830078
2026-06-05 08:41:00+00:00,62617.8984375,1539.0799560546875,159.93099975585938,92.05999755859375,4489.0,99.23300170898438
2026-06-05 08:42:00+00:00,62597.78125,1538.949951171875,159.93099975585938,92.19000244140625,4489.5,99.23300170898438
2026-06-05 08:43:00+00:00,62535.7109375,1539.06005859375,159.93299865722656,92.19999694824219,4489.7001953125,99.23100280761719
2026-06-05 08:44:00+00:00,62487.98828125,1539.3499755859375,159.927001953125,92.12999725341797,4488.7998046875,99.23899841308594
2026-06-05 08:45:00+00:00,62471.0,1539.219970703125,159.93299865722656,92.27999877929688,4489.5,99.23300170898438
2026-06-05 08:46:00+00:00,62458.390625,1538.97998046875,159.9290008544922,92.33000183105469,4489.7998046875,99.23899841308594
2026-06-05 08:47:00+00:00,62482.58984375,1539.2099609375,159.93499755859375,92.36000061035156,4490.0,99.23999786376953
2026-06-05 08:48:00+00:00,62507.48828125,1539.239990234375,159.92999267578125,92.3499984741211,4490.7998046875,99.24299621582031
2026-06-05 08:49:00+00:00,62548.37109375,1539.47998046875,159.93299865722656,92.47000122070312,4490.2998046875,99.23999786376953
2026-06-05 08:50:00+00:00,62486.03125,1539.3800048828125,159.93800354003906,92.54000091552734,4489.89990234375,99.23899841308594
2026-06-05 08:51:00+00:00,62450.0,1539.31005859375,159.92799377441406,92.62000274658203,4490.39990234375,99.23899841308594
2026-06-05 08:52:00+00:00,62420.80078125,1539.3800048828125,159.9340057373047,92.70999908447266,4489.2001953125,99.23799896240234
2026-06-05 08:53:00+00:00,62340.6796875,1539.47998046875,159.93699645996094,92.63999938964844,4490.10009765625,99.24299621582031
2026-06-05 08:54:00+00:00,62384.9609375,1539.3900146484375,159.93899536132812,92.66000366210938,4490.39990234375,99.24500274658203
2026-06-05 08:55:00+00:00,62261.37109375,1539.2900390625,159.94700622558594,92.81999969482422,4489.5,99.24500274658203
2026-06-05 08:56:00+00:00,62394.94140625,1539.300048828125,159.94400024414062,92.86000061035156,4489.60009765625,99.24700164794922
2026-06-05 08:57:00+00:00,62383.98046875,1539.239990234375,159.94200134277344,92.83999633789062,4490.2998046875,99.24400329589844
2026-06-05 08:58:00+00:00,62411.55859375,1539.25,159.94700622558594,92.79000091552734,4490.10009765625,99.25
2026-06-05 08:59:00+00:00,62401.12890625,1539.3800048828125,159.9429931640625,92.83999633789062,4489.7998046875,99.2490005493164
2026-06-05 09:00:00+00:00,62427.98828125,1539.52001953125,159.95799255371094,92.88999938964844,4488.39990234375,99.26300048828125
2026-06-05 09:01:00+00:00,62464.98828125,1539.3299560546875,159.947998046875,92.87000274658203,4489.2001953125,99.26200103759766
2026-06-05 09:02:00+00:00,62557.98828125,1539.1600341796875,159.94000244140625,92.72000122070312,4489.89990234375,99.2509994506836
2026-06-05 09:03:00+00:00,62522.8984375,1539.06005859375,159.94200134277344,92.7300033569336,4490.2998046875,99.24400329589844
2026-06-05 09:04:00+00:00,62491.05078125,1538.97998046875,159.9499969482422,92.9000015258789,4488.2001953125,99.2509994506836
2026-06-05 09:05:00+00:00,62519.0703125,1539.050048828125,159.9499969482422,92.76000213623047,4489.0,99.23999786376953
2026-06-05 09:06:00+00:00,62568.8203125,1538.6800537109375,159.94400024414062,92.7699966430664,4489.2998046875,99.24400329589844
2026-06-05 09:07:00+00:00,62608.19140625,1538.7099609375,159.947998046875,92.88999938964844,4487.7001953125,99.23500061035156
2026-06-05 09:08:00+00:00,62585.0,1538.6400146484375,159.94200134277344,93.02999877929688,4488.10009765625,99.2300033569336
2026-06-05 09:09:00+00:00,62679.25,1538.6400146484375,159.94400024414062,93.05999755859375,4487.7001953125,99.2239990234375
2026-06-05 09:10:00+00:00,62707.62109375,1538.780029296875,159.9409942626953,93.02999877929688,4487.2001953125,99.22599792480469
2026-06-05 09:11:00+00:00,62677.48046875,1538.949951171875,159.94700622558594,93.11000061035156,4485.89990234375,99.22899627685547
2026-06-05 09:12:00+00:00,62585.1796875,1538.75,159.94000244140625,93.0999984741211,4486.7001953125,99.2249984741211
2026-06-05 09:13:00+00:00,62935.71875,1537.52001953125,159.91099548339844,92.33999633789062,4495.0,99.1969985961914
2026-06-05 09:14:00+00:00,63033.921875,1536.780029296875,159.91400146484375,92.44999694824219,4493.0,99.20500183105469
2026-06-05 09:15:00+00:00,63052.01953125,1537.699951171875,159.9219970703125,92.62000274658203,4492.2001953125,99.20800018310547
2026-06-05 09:16:00+00:00,63092.2890625,1536.760009765625,159.9149932861328,92.41000366210938,4494.10009765625,99.20500183105469
2026-06-05 09:17:00+00:00,62940.109375,1538.43994140625,159.91099548339844,92.55000305175781,4494.2001953125,99.21199798583984
2026-06-05 09:18:00+00:00,62953.0,1538.3599853515625,159.9040069580078,92.5,4494.2998046875,99.21399688720703
2026-06-05 09:19:00+00:00,62908.30078125,1538.5799560546875,159.89700317382812,92.41999816894531,4494.89990234375,99.21399688720703
2026-06-05 09:20:00+00:00,62924.96875,1538.8800048828125,159.90699768066406,92.38999938964844,4494.0,99.21299743652344
2026-06-05 09:21:00+00:00,62928.7109375,1537.8299560546875,159.90499877929688,92.33000183105469,4494.60009765625,99.1969985961914
2026-06-05 09:22:00+00:00,62975.28125,1537.9100341796875,159.91200256347656,92.2699966430664,4495.0,99.19100189208984
2026-06-05 09:23:00+00:00,63008.55859375,1538.1400146484375,159.91400146484375,92.20999908447266,4494.89990234375,99.197998046875
2026-06-05 09:24:00+00:00,62984.9609375,1538.260009765625,159.91099548339844,92.13999938964844,4493.5,99.19999694824219
2026-06-05 09:25:00+00:00,62996.0,1538.1800537109375,159.9080047607422,91.98999786376953,4494.0,99.20600128173828
2026-06-05 09:26:00+00:00,63001.28125,1538.75,159.91600036621094,92.2300033569336,4493.2998046875,99.20999908447266
2026-06-05 09:27:00+00:00,62998.26953125,1538.0799560546875,159.927001953125,92.22000122070312,4492.5,99.20899963378906
2026-06-05 09:28:00+00:00,63047.3515625,1537.8800048828125,159.927001953125,92.33000183105469,4490.7001953125,99.21900177001953
2026-06-05 09:29:00+00:00,63056.640625,1537.0799560546875,159.9199981689453,92.4800033569336,4489.7998046875,99.21700286865234
2026-06-05 09:30:00+00:00,62985.98828125,1537.1800537109375,159.91900634765625,92.43000030517578,4488.2001953125,99.21099853515625
2026-06-05 09:31:00+00:00,62885.0,1537.969970703125,159.91799926757812,92.47000122070312,4487.10009765625,99.22000122070312
2026-06-05 09:32:00+00:00,62928.75,1537.1800537109375,159.91400146484375,92.5199966430664,4487.89990234375,99.22000122070312
2026-06-05 09:33:00+00:00,62957.37890625,1535.8800048828125,159.90499877929688,92.55000305175781,4489.60009765625,99.22100067138672
2026-06-05 09:34:00+00:00,62964.7890625,1536.8800048828125,159.91099548339844,92.56999969482422,4490.60009765625,99.22200012207031
2026-06-05 09:35:00+00:00,62938.12109375,1536.780029296875,159.9029998779297,92.61000061035156,4489.7001953125,99.21900177001953
2026-06-05 09:36:00+00:00,62928.0,1536.780029296875,159.91200256347656,92.63999938964844,4489.89990234375,99.21800231933594
2026-06-05 09:37:00+00:00,62888.01171875,1536.5699462890625,159.91200256347656,92.72000122070312,4490.2998046875,99.22000122070312
2026-06-05 09:38:00+00:00,62850.44140625,1535.5799560546875,159.9149932861328,92.69999694824219,4491.5,99.21299743652344
2026-06-05 09:39:00+00:00,62759.87890625,1535.8199462890625,159.91299438476562,92.68000030517578,4490.10009765625,99.21600341796875
2026-06-05 09:40:00+00:00,62752.859375,1536.4100341796875,159.91600036621094,92.69000244140625,4491.10009765625,99.21900177001953
2026-06-05 09:41:00+00:00,62724.609375,1536.5799560546875,159.91799926757812,92.7300033569336,4492.2998046875,99.22000122070312
2026-06-05 09:42:00+00:00,62777.8515625,1537.1800537109375,159.9250030517578,92.86000061035156,4492.2998046875,99.22599792480469
2026-06-05 09:43:00+00:00,62752.87890625,1536.97998046875,159.9320068359375,92.83000183105469,4492.2001953125,99.2229995727539
2026-06-05 09:44:00+00:00,62766.19140625,1537.5799560546875,159.92599487304688,92.87000274658203,4493.0,99.2229995727539
2026-06-05 09:45:00+00:00,62829.94140625,1537.9599609375,159.93800354003906,92.76000213623047,4494.39990234375,99.22200012207031
2026-06-05 09:46:00+00:00,62862.03125,1536.280029296875,159.94000244140625,92.63999938964844,4496.10009765625,99.21800231933594
2026-06-05 09:47:00+00:00,62832.44140625,1536.97998046875,159.94000244140625,92.62999725341797,4495.39990234375,99.21399688720703
2026-06-05 09:48:00+00:00,62832.12890625,1537.1800537109375,159.93800354003906,92.68000030517578,4494.7001953125,99.21800231933594
2026-06-05 09:49:00+00:00,62785.58984375,1537.550048828125,159.93800354003906,92.6500015258789,4492.10009765625,99.21800231933594
2026-06-05 09:50:00+00:00,62818.30859375,1536.780029296875,159.9459991455078,92.66999816894531,4491.39990234375,99.2239990234375
2026-06-05 09:51:00+00:00,62901.109375,1537.47998046875,159.9429931640625,92.6500015258789,4492.0,99.2249984741211
2026-06-05 09:52:00+00:00,62875.578125,1537.5799560546875,159.93800354003906,92.70999908447266,4492.0,99.2229995727539
2026-06-05 09:53:00+00:00,62803.19921875,1537.3900146484375,159.93600463867188,92.72000122070312,4492.0,99.22100067138672
2026-06-05 09:54:00+00:00,62808.01953125,1537.449951171875,159.93699645996094,92.72000122070312,4492.2001953125,99.21600341796875
2026-06-05 09:55:00+00:00,62806.0703125,1537.5799560546875,159.94900512695312,92.83999633789062,4491.2001953125,99.21600341796875
2026-06-05 09:56:00+00:00,62814.16015625,1537.5799560546875,159.9459991455078,92.94000244140625,4489.60009765625,99.21299743652344
2026-06-05 09:57:00+00:00,62785.62109375,1537.4100341796875,159.947998046875,92.9000015258789,4490.39990234375,99.21399688720703
2026-06-05 09:58:00+00:00,62784.328125,1537.3199462890625,159.93699645996094,92.83000183105469,4490.89990234375,99.21700286865234
2026-06-05 09:59:00+00:00,62804.6796875,1537.1800537109375,159.93499755859375,92.8499984741211,4491.89990234375,99.21800231933594
2026-06-05 10:00:00+00:00,62875.30078125,1537.1800537109375,159.927001953125,92.80000305175781,4491.2998046875,99.21399688720703
2026-06-05 10:01:00+00:00,62832.078125,1537.9000244140625,159.93600463867188,92.81999969482422,4490.5,99.21299743652344
2026-06-05 10:02:00+00:00,62750.01171875,1537.8199462890625,159.94700622558594,92.7699966430664,4490.5,99.21600341796875
2026-06-05 10:03:00+00:00,62790.30859375,1537.8599853515625,159.93800354003906,92.79000091552734,4490.5,99.21499633789062
2026-06-05 10:04:00+00:00,62776.01953125,1537.97998046875,159.94700622558594,92.80999755859375,4490.5,99.21099853515625
2026-06-05 10:05:00+00:00,62691.53125,1537.81005859375,159.94500732421875,92.73999786376953,4491.2001953125,99.20899963378906
2026-06-05 10:06:00+00:00,62651.30078125,1537.699951171875,159.93699645996094,92.77999877929688,4490.7998046875,99.21399688720703
2026-06-05 10:07:00+00:00,62624.0390625,1538.0999755859375,159.9409942626953,92.79000091552734,4490.39990234375,99.21600341796875
2026-06-05 10:08:00+00:00,62661.890625,1537.7900390625,159.94200134277344,92.70999908447266,4490.89990234375,99.21399688720703
2026-06-05 10:09:00+00:00,62626.08984375,1537.9100341796875,159.94000244140625,92.72000122070312,4491.7001953125,99.20999908447266
2026-06-05 10:10:00+00:00,62619.16015625,1537.6800537109375,159.93899536132812,92.72000122070312,4490.7998046875,99.20800018310547
2026-06-05 10:11:00+00:00,62690.23046875,1537.5799560546875,159.93899536132812,92.76000213623047,4491.0,99.20999908447266
2026-06-05 10:12:00+00:00,62691.51953125,1537.489990234375,159.94000244140625,92.80000305175781,4490.60009765625,99.20800018310547
2026-06-05 10:13:00+00:00,62712.5703125,1537.3800048828125,159.93499755859375,92.86000061035156,4491.2001953125,99.20700073242188
2026-06-05 10:14:00+00:00,62699.48828125,1537.280029296875,159.92799377441406,92.80000305175781,4492.2001953125,99.20600128173828
2026-06-05 10:15:00+00:00,62632.1015625,1537.280029296875,159.92999267578125,92.7699966430664,4492.0,99.20800018310547
2026-06-05 10:16:00+00:00,62572.01171875,1537.6400146484375,159.9340057373047,92.80999755859375,4492.5,99.2030029296875
2026-06-05 10:17:00+00:00,62550.3984375,1537.8800048828125,159.93600463867188,92.83999633789062,4491.7998046875,99.2040023803711
2026-06-05 10:18:00+00:00,62529.33984375,1537.9300537109375,159.93099975585938,92.83000183105469,4492.10009765625,99.2030029296875
2026-06-05 10:19:00+00:00,62514.69921875,1537.8900146484375,159.92300415039062,92.73999786376953,4492.10009765625,99.1969985961914
2026-06-05 10:20:00+00:00,62534.8515625,1537.97998046875,159.91600036621094,92.70999908447266,4492.7998046875,99.19499969482422
2026-06-05 10:21:00+00:00,62564.37890625,1537.8699951171875,159.91299438476562,92.68000030517578,4494.39990234375,99.197998046875
2026-06-05 10:22:00+00:00,62541.53125,1538.0,159.92100524902344,92.5999984741211,4493.7998046875,99.19400024414062
2026-06-05 10:23:00+00:00,62491.08984375,1537.5799560546875,159.91400146484375,92.54000091552734,4494.89990234375,99.19200134277344
2026-06-05 10:24:00+00:00,62489.6796875,1537.8800048828125,159.92300415039062,92.54000091552734,4494.10009765625,99.19100189208984
2026-06-05 10:25:00+00:00,62546.37109375,1537.8800048828125,159.91799926757812,92.56999969482422,4493.7998046875,99.18900299072266
2026-06-05 10:26:00+00:00,62500.0,1537.97998046875,159.9149932861328,92.69999694824219,4492.7001953125,99.18499755859375
2026-06-05 10:27:00+00:00,62519.73046875,1538.0799560546875,159.91600036621094,92.61000061035156,4492.2001953125,99.18399810791016
2026-06-05 10:28:00+00:00,62498.0,1536.8499755859375,159.91400146484375,92.62000274658203,4492.39990234375,99.18399810791016
2026-06-05 10:29:00+00:00,62523.3515625,1537.239990234375,159.90499877929688,92.62000274658203,4493.2001953125,99.1780014038086
2026-06-05 10:30:00+00:00,62567.21875,1537.5799560546875,159.90699768066406,92.62999725341797,4493.2001953125,99.1709976196289
2026-06-05 10:31:00+00:00,62527.94921875,1537.3900146484375,159.90499877929688,92.6500015258789,4493.10009765625,99.16500091552734
2026-06-05 10:32:00+00:00,62553.421875,1537.199951171875,159.9029998779297,92.63999938964844,4492.60009765625,99.16400146484375
2026-06-05 10:33:00+00:00,62530.01171875,1537.780029296875,159.906005859375,92.66999816894531,4490.89990234375,99.16799926757812
2026-06-05 10:34:00+00:00,62504.44140625,1537.97998046875,159.9029998779297,92.61000061035156,4490.0,99.16999816894531
2026-06-05 10:35:00+00:00,62486.7109375,1537.97998046875,159.9029998779297,92.5199966430664,4491.0,99.1709976196289
2026-06-05 10:36:00+00:00,62399.73828125,1537.6400146484375,159.9080047607422,92.58999633789062,4489.60009765625,99.18000030517578
2026-06-05 10:37:00+00:00,62394.87890625,1537.75,159.91400146484375,92.69000244140625,4490.0,99.18099975585938
2026-06-05 10:38:00+00:00,62340.73046875,1537.780029296875,159.91900634765625,92.7699966430664,4489.7998046875,99.18099975585938
2026-06-05 10:39:00+00:00,62329.80078125,1537.8199462890625,159.91299438476562,92.79000091552734,4490.2001953125,99.18399810791016
2026-06-05 10:40:00+00:00,62380.0,1537.989990234375,159.92799377441406,92.7699966430664,4490.10009765625,99.18399810791016
2026-06-05 10:41:00+00:00,62343.55859375,1537.77001953125,159.9320068359375,92.91999816894531,4489.5,99.19200134277344
2026-06-05 10:42:00+00:00,62374.8984375,1537.699951171875,159.9199981689453,92.87999725341797,4488.7001953125,99.19300079345703
2026-06-05 10:43:00+00:00,62500.0,1537.47998046875,159.91900634765625,92.87000274658203,4490.10009765625,99.19200134277344
2026-06-05 10:44:00+00:00,62622.30859375,1537.760009765625,159.91400146484375,92.8499984741211,4491.60009765625,99.19000244140625
2026-06-05 10:45:00+00:00,62548.6484375,1537.760009765625,159.91600036621094,92.83000183105469,4493.7001953125,99.18399810791016
2026-06-05 10:46:00+00:00,62585.19140625,1537.760009765625,159.91799926757812,92.91000366210938,4493.39990234375,99.18199920654297
2026-06-05 10:47:00+00:00,62558.48046875,1537.5799560546875,159.91900634765625,92.9800033569336,4492.39990234375,99.18099975585938
2026-06-05 10:48:00+00:00,62502.80859375,1537.72998046875,159.9149932861328,93.08999633789062,4492.60009765625,99.18599700927734
2026-06-05 10:49:00+00:00,62550.98828125,1537.0799560546875,159.92799377441406,93.11000061035156,4493.7998046875,99.19499969482422
2026-06-05 10:50:00+00:00,62539.12890625,1537.989990234375,159.92599487304688,92.97000122070312,4494.7998046875,99.2030029296875
2026-06-05 10:51:00+00:00,62504.3984375,1537.97998046875,159.92100524902344,92.97000122070312,4494.2001953125,99.2020034790039
2026-06-05 10:52:00+00:00,62407.76171875,1537.68994140625,159.92799377441406,93.0199966430664,4493.89990234375,99.20099639892578
2026-06-05 10:53:00+00:00,62467.03125,1537.6800537109375,159.92599487304688,92.98999786376953,4493.60009765625,99.20099639892578
2026-06-05 10:54:00+00:00,62474.9609375,1537.6800537109375,159.9219970703125,92.98999786376953,4493.2001953125,99.2030029296875
2026-06-05 10:55:00+00:00,62447.4609375,1537.719970703125,159.9029998779297,92.97000122070312,4493.2998046875,99.2020034790039
2026-06-05 10:56:00+00:00,62454.69921875,1537.72998046875,159.91400146484375,93.02999877929688,4493.5,99.19499969482422
2026-06-05 10:57:00+00:00,62484.96875,1537.739990234375,159.9029998779297,92.9000015258789,4493.2001953125,99.19599914550781
2026-06-05 10:58:00+00:00,62482.78125,1537.780029296875,159.9029998779297,92.86000061035156,4493.39990234375,99.19999694824219
2026-06-05 10:59:00+00:00,62485.0390625,1537.8800048828125,159.9040069580078,92.86000061035156,4493.7001953125,99.1969985961914
2026-06-05 11:00:00+00:00,62432.578125,1537.68994140625,159.9040069580078,93.06999969482422,4493.5,99.1969985961914
2026-06-05 11:01:00+00:00,62367.171875,1537.8499755859375,159.91200256347656,93.02999877929688,4492.2998046875,99.20700073242188
2026-06-05 11:02:00+00:00,62379.98046875,1537.97998046875,159.91400146484375,93.0999984741211,4490.60009765625,99.21499633789062
2026-06-05 11:03:00+00:00,62304.87109375,1537.8800048828125,159.9029998779297,92.97000122070312,4491.5,99.21199798583984
2026-06-05 11:04:00+00:00,62347.94921875,1538.3800048828125,159.90199279785156,93.06999969482422,4490.7001953125,99.21399688720703
2026-06-05 11:05:00+00:00,62359.62109375,1538.449951171875,159.90499877929688,93.02999877929688,4491.7998046875,99.21399688720703
2026-06-05 11:06:00+00:00,62344.73046875,1538.6800537109375,159.90199279785156,93.08000183105469,4490.2998046875,99.22799682617188
2026-06-05 11:07:00+00:00,62372.51953125,1538.5799560546875,159.9040069580078,93.04000091552734,4492.2001953125,99.22699737548828
2026-06-05 11:08:00+00:00,62295.609375,1537.97998046875,159.90699768066406,93.02999877929688,4493.0,99.22699737548828
2026-06-05 11:09:00+00:00,62269.1015625,1538.1800537109375,159.9010009765625,92.94000244140625,4493.5,99.21900177001953
2026-06-05 11:10:00+00:00,62245.7109375,1537.5799560546875,159.8939971923828,92.93000030517578,4493.10009765625,99.21900177001953
2026-06-05 11:11:00+00:00,62326.94921875,1537.9200439453125,159.89599609375,92.91999816894531,4493.0,99.21600341796875
2026-06-05 11:12:00+00:00,62280.51953125,1537.9599609375,159.90899658203125,92.93000030517578,4491.7001953125,99.21700286865234
2026-06-05 11:13:00+00:00,62258.94921875,1537.9300537109375,159.8990020751953,92.97000122070312,4490.10009765625,99.2229995727539
2026-06-05 11:14:00+00:00,62260.859375,1538.3199462890625,159.90199279785156,92.9800033569336,4488.10009765625,99.22899627685547
2026-06-05 11:15:00+00:00,62188.0,1538.3399658203125,159.91299438476562,93.08999633789062,4489.0,99.23200225830078
2026-06-05 11:16:00+00:00,62277.890625,1538.510009765625,159.9029998779297,93.08999633789062,4489.2001953125,99.23300170898438
2026-06-05 11:17:00+00:00,62339.578125,1538.260009765625,159.90199279785156,93.05999755859375,4490.2001953125,99.22100067138672
2026-06-05 11:18:00+00:00,62408.640625,1538.199951171875,159.9029998779297,93.06999969482422,4489.5,99.21900177001953
2026-06-05 11:19:00+00:00,62440.80078125,1538.31005859375,159.90699768066406,93.23999786376953,4488.60009765625,99.2249984741211
2026-06-05 11:20:00+00:00,62412.05078125,1538.0799560546875,159.91099548339844,93.20999908447266,4489.2001953125,99.2239990234375
2026-06-05 11:21:00+00:00,62429.87890625,1538.219970703125,159.9080047607422,93.19999694824219,4489.2001953125,99.21800231933594
2026-06-05 11:22:00+00:00,62536.0,1538.6199951171875,159.9080047607422,93.2699966430664,4490.2001953125,99.21900177001953
2026-06-05 11:23:00+00:00,62477.69140625,1538.6500244140625,159.90199279785156,93.25,4489.89990234375,99.21399688720703
2026-06-05 11:24:00+00:00,62287.53125,1538.1800537109375,159.9010009765625,93.38999938964844,4488.2998046875,99.21399688720703
2026-06-05 11:25:00+00:00,62323.5703125,1539.030029296875,159.9029998779297,93.30000305175781,4489.39990234375,99.22200012207031
2026-06-05 11:26:00+00:00,62348.25,1538.280029296875,159.89999389648438,93.30999755859375,4490.2998046875,99.20999908447266
2026-06-05 11:27:00+00:00,62387.23046875,1539.050048828125,159.89999389648438,93.2300033569336,4491.7001953125,99.2040023803711
2026-06-05 11:28:00+00:00,62403.359375,1538.6099853515625,159.89599609375,93.06999969482422,4492.10009765625,99.20700073242188
2026-06-05 11:29:00+00:00,62404.94921875,1538.97998046875,159.89100646972656,92.9800033569336,4493.10009765625,99.20500183105469
2026-06-05 11:30:00+00:00,62457.4296875,1539.1800537109375,159.89500427246094,92.93000030517578,4493.10009765625,99.2040023803711
2026-06-05 11:31:00+00:00,62308.73046875,1538.47998046875,159.89300537109375,92.94000244140625,4492.7998046875,99.2040023803711
2026-06-05 11:32:00+00:00,62266.80859375,1539.72998046875,159.9010009765625,92.94000244140625,4492.7998046875,99.20800018310547
2026-06-05 11:33:00+00:00,62301.8984375,1539.3499755859375,159.90199279785156,92.94999694824219,4491.89990234375,99.2040023803711
2026-06-05 11:34:00+00:00,62292.0703125,1539.550048828125,159.90699768066406,92.83999633789062,4492.2001953125,99.21099853515625
2026-06-05 11:35:00+00:00,62298.0,1538.6800537109375,159.89700317382812,92.87000274658203,4491.7001953125,99.21099853515625
2026-06-05 11:36:00+00:00,62261.0,1539.9000244140625,159.89999389648438,92.87999725341797,4491.10009765625,99.21600341796875
2026-06-05 11:37:00+00:00,62228.37109375,1539.81005859375,159.89100646972656,92.86000061035156,4493.2001953125,99.21299743652344
2026-06-05 11:38:00+00:00,62237.03125,1539.9200439453125,159.88600158691406,92.7300033569336,4493.7998046875,99.21099853515625
2026-06-05 11:39:00+00:00,62242.0,1539.4599609375,159.88800048828125,92.91999816894531,4490.2001953125,99.2249984741211
2026-06-05 11:40:00+00:00,62181.69921875,1541.3800048828125,159.88499450683594,92.83999633789062,4490.10009765625,99.23300170898438
2026-06-05 11:41:00+00:00,62165.83984375,1541.56005859375,159.88800048828125,92.70999908447266,4492.0,99.22699737548828
2026-06-05 11:42:00+00:00,62151.8984375,1540.8800048828125,159.8820037841797,92.66000366210938,4492.5,99.2239990234375
2026-06-05 11:43:00+00:00,62120.01171875,1541.489990234375,159.88299560546875,92.75,4492.2001953125,99.2249984741211
2026-06-05 11:44:00+00:00,62055.5,1541.47998046875,159.87600708007812,92.72000122070312,4491.7998046875,99.23300170898438
2026-06-05 11:45:00+00:00,61968.0,1541.550048828125,159.8780059814453,92.68000030517578,4491.5,99.2239990234375
2026-06-05 11:46:00+00:00,62134.078125,1541.3800048828125,159.86300659179688,92.63999938964844,4491.5,99.22200012207031
2026-06-05 11:47:00+00:00,62102.01953125,1540.8800048828125,159.85800170898438,92.66999816894531,4493.7001953125,99.21399688720703
2026-06-05 11:48:00+00:00,62181.01171875,1541.219970703125,159.86500549316406,92.69000244140625,4493.7998046875,99.22000122070312
2026-06-05 11:49:00+00:00,62119.76953125,1541.3800048828125,159.8470001220703,92.63999938964844,4493.60009765625,99.2249984741211
2026-06-05 11:50:00+00:00,62151.3984375,1541.3800048828125,159.83700561523438,92.70999908447266,4494.7998046875,99.21199798583984
2026-06-05 11:51:00+00:00,62133.1015625,1541.0799560546875,159.85299682617188,92.75,4501.7001953125,99.21099853515625
2026-06-05 11:52:00+00:00,62079.48828125,1540.97998046875,159.83700561523438,92.80000305175781,4498.2998046875,99.2030029296875
2026-06-05 11:53:00+00:00,62040.0,1541.5799560546875,159.8249969482422,92.80000305175781,4498.0,99.19400024414062
2026-06-05 11:54:00+00:00,61948.359375,1541.8800048828125,159.83399963378906,92.81999969482422,4498.7998046875,99.19200134277344
2026-06-05 11:55:00+00:00,61990.0,1541.6800537109375,159.83799743652344,92.8499984741211,4497.5,99.19499969482422
2026-06-05 11:56:00+00:00,62003.3984375,1541.97998046875,159.8350067138672,92.8499984741211,4495.39990234375,99.1969985961914
2026-06-05 11:57:00+00:00,61985.96875,1542.3800048828125,159.8280029296875,92.87999725341797,4496.10009765625,99.19599914550781
2026-06-05 11:58:00+00:00,61969.890625,1541.780029296875,159.843994140625,92.87000274658203,4497.2001953125,99.2020034790039
2026-06-05 11:59:00+00:00,61898.0703125,1541.8399658203125,159.83799743652344,92.88999938964844,4497.0,99.19499969482422
2026-06-05 12:00:00+00:00,61863.98828125,1541.47998046875,159.83799743652344,92.94000244140625,4496.7001953125,99.19300079345703
2026-06-05 12:01:00+00:00,61700.359375,1540.780029296875,159.83999633789062,93.02999877929688,4494.60009765625,99.19400024414062
2026-06-05 12:02:00+00:00,61720.12890625,1541.5799560546875,159.86599731445312,93.12000274658203,4494.89990234375,99.2020034790039
2026-06-05 12:03:00+00:00,61627.76171875,1541.030029296875,159.85299682617188,93.08999633789062,4493.7998046875,99.20500183105469
2026-06-05 12:04:00+00:00,61590.94921875,1540.6500244140625,159.86000061035156,93.01000213623047,4492.0,99.20500183105469
2026-06-05 12:05:00+00:00,61744.0390625,1541.1700439453125,159.85299682617188,93.0199966430664,4493.7001953125,99.20899963378906
2026-06-05 12:06:00+00:00,62045.76171875,1541.1400146484375,159.85000610351562,92.97000122070312,4493.60009765625,99.21099853515625
2026-06-05 12:07:00+00:00,62053.921875,1540.3399658203125,159.8459930419922,92.87000274658203,4494.2998046875,99.20500183105469
2026-06-05 12:08:00+00:00,61999.98828125,1540.47998046875,159.84300231933594,92.7300033569336,4493.0,99.1989974975586
2026-06-05 12:09:00+00:00,61986.109375,1540.9000244140625,159.8489990234375,92.69000244140625,4494.60009765625,99.20600128173828
2026-06-05 12:10:00+00:00,62114.05078125,1540.9100341796875,159.843994140625,92.69999694824219,4496.10009765625,99.197998046875
2026-06-05 12:11:00+00:00,62087.69921875,1540.6800537109375,159.86300659179688,92.70999908447266,4495.60009765625,99.1989974975586
2026-06-05 12:12:00+00:00,62075.25,1540.780029296875,159.8520050048828,92.80999755859375,4494.0,99.20600128173828
2026-06-05 12:13:00+00:00,62111.51953125,1541.199951171875,159.85499572753906,92.70999908447266,4496.2998046875,99.2030029296875
2026-06-05 12:14:00+00:00,62084.08984375,1540.6600341796875,159.86300659179688,92.68000030517578,4496.2001953125,99.2040023803711
2026-06-05 12:15:00+00:00,62188.1796875,1540.739990234375,159.87100219726562,92.6500015258789,4495.5,99.21299743652344
2026-06-05 12:16:00+00:00,62151.5,1541.469970703125,159.8800048828125,92.7699966430664,4496.2001953125,99.22200012207031
2026-06-05 12:17:00+00:00,62185.23046875,1541.1400146484375,159.89199829101562,92.77999877929688,4496.10009765625,99.2249984741211
2026-06-05 12:18:00+00:00,62248.03125,1541.3800048828125,159.88600158691406,92.77999877929688,4497.60009765625,99.22899627685547
2026-06-05 12:19:00+00:00,62289.5390625,1541.4599609375,159.87899780273438,92.66000366210938,4499.89990234375,99.21600341796875
2026-06-05 12:20:00+00:00,62189.48046875,1540.8299560546875,159.88400268554688,92.55999755859375,4496.0,99.21099853515625
2026-06-05 12:21:00+00:00,62156.01171875,1540.780029296875,159.8820037841797,92.56999969482422,4496.5,99.21299743652344
2026-06-05 12:22:00+00:00,62214.328125,1540.780029296875,159.8780059814453,92.55999755859375,4496.60009765625,99.21099853515625
2026-06-05 12:23:00+00:00,62278.80859375,1541.3499755859375,159.89199829101562,92.55999755859375,4495.5,99.21499633789062
2026-06-05 12:24:00+00:00,62333.71875,1541.280029296875,159.88699340820312,92.62999725341797,4495.2001953125,99.22200012207031
2026-06-05 12:25:00+00:00,62233.98046875,1541.2099609375,159.88099670410156,92.7300033569336,4492.39990234375,99.22699737548828
2026-06-05 12:26:00+00:00,62236.0,1541.5799560546875,159.8820037841797,92.79000091552734,4491.7998046875,99.2300033569336
2026-06-05 12:27:00+00:00,62168.30859375,1541.56005859375,159.88099670410156,92.80999755859375,4490.60009765625,99.23300170898438
2026-06-05 12:28:00+00:00,62131.44140625,1542.3699951171875,159.88999938964844,92.83000183105469,4489.10009765625,99.24600219726562
2026-06-05 12:29:00+00:00,62151.3984375,1542.5799560546875,159.8800048828125,92.8499984741211,4491.0,99.23999786376953
2026-06-05 12:30:00+00:00,62000.01171875,1542.6800537109375,159.97500610351562,92.94999694824219,4477.60009765625,99.36399841308594
2026-06-05 12:31:00+00:00,61818.078125,1544.3800048828125,159.96099853515625,92.81999969482422,4477.39990234375,99.35800170898438
2026-06-05 12:32:00+00:00,61880.6484375,1545.6800537109375,160.0030059814453,92.94000244140625,4477.89990234375,99.40499877929688
2026-06-05 12:33:00+00:00,61831.8515625,1546.3499755859375,159.98899841308594,92.91000366210938,4481.2001953125,99.38999938964844
2026-06-05 12:34:00+00:00,61690.3203125,1545.3800048828125,160.0019989013672,92.81999969482422,4479.2001953125,99.38700103759766
2026-06-05 12:35:00+00:00,61633.4609375,1546.0799560546875,160.02099609375,92.8499984741211,4475.0,99.38999938964844
2026-06-05 12:36:00+00:00,61714.8203125,1545.97998046875,160.01699829101562,92.91999816894531,4467.89990234375,99.43699645996094
2026-06-05 12:37:00+00:00,61924.69921875,1545.8800048828125,160.0279998779297,92.91000366210938,4467.89990234375,99.4520034790039
2026-06-05 12:38:00+00:00,61872.01171875,1546.5,160.02099609375,92.86000061035156,4467.89990234375,99.44400024414062
2026-06-05 12:39:00+00:00,61856.01953125,1545.5699462890625,159.98899841308594,92.81999969482422,4470.0,99.41300201416016
2026-06-05 12:40:00+00:00,61839.921875,1544.989990234375,159.99200439453125,92.80999755859375,4472.89990234375,99.39900207519531
2026-06-05 12:41:00+00:00,61929.609375,1545.8800048828125,159.99200439453125,92.79000091552734,4472.5,99.4280014038086
2026-06-05 12:42:00+00:00,61870.30078125,1545.3800048828125,159.99400329589844,92.77999877929688,4471.60009765625,99.41699981689453
2026-06-05 12:43:00+00:00,61999.390625,1545.1800537109375,159.98500061035156,92.68000030517578,4473.10009765625,99.41200256347656
2026-06-05 12:44:00+00:00,61927.19140625,1545.1800537109375,160.0279998779297,92.62999725341797,4472.10009765625,99.44499969482422
2026-06-05 12:45:00+00:00,61980.109375,1545.5799560546875,160.02999877929688,92.68000030517578,4473.39990234375,99.4540023803711
2026-06-05 12:46:00+00:00,61906.8515625,1545.4000244140625,160.02499389648438,92.55999755859375,4474.10009765625,99.44300079345703
2026-06-05 12:47:00+00:00,61867.26171875,1545.489990234375,160.01300048828125,92.55000305175781,4472.0,99.4540023803711
2026-06-05 12:48:00+00:00,61919.0,1545.530029296875,160.02099609375,92.5199966430664,4470.60009765625,99.4530029296875
2026-06-05 12:49:00+00:00,61903.87109375,1545.8800048828125,160.0399932861328,92.5199966430664,4466.60009765625,99.45600128173828
2026-06-05 12:50:00+00:00,61846.83984375,1546.1800537109375,160.06399536132812,92.5199966430664,4463.39990234375,99.4800033569336
2026-06-05 12:51:00+00:00,61842.609375,1546.719970703125,160.07699584960938,92.62999725341797,4454.10009765625,99.49600219726562
2026-06-05 12:52:00+00:00,61933.5,1546.6800537109375,160.0800018310547,92.68000030517578,4449.10009765625,99.49199676513672
2026-06-05 12:53:00+00:00,61893.37109375,1546.6800537109375,160.13600158691406,92.58999633789062,4447.7001953125,99.5250015258789
2026-06-05 12:54:00+00:00,61870.01171875,1547.5799560546875,160.13900756835938,92.51000213623047,4443.0,99.53900146484375
2026-06-05 12:55:00+00:00,61910.28125,1548.3800048828125,160.13600158691406,92.52999877929688,4442.2998046875,99.5479965209961
2026-06-05 12:56:00+00:00,61928.76171875,1548.5799560546875,160.13600158691406,92.61000061035156,4439.0,99.5510025024414
2026-06-05 12:57:00+00:00,61893.37109375,1548.739990234375,160.17799377441406,92.54000091552734,4436.89990234375,99.56800079345703
2026-06-05 12:58:00+00:00,61922.21875,1549.0799560546875,160.1820068359375,92.36000061035156,4438.5,99.5739974975586
2026-06-05 12:59:00+00:00,61910.8984375,1550.3800048828125,160.20799255371094,92.38999938964844,4432.10009765625,99.61499786376953
2026-06-05 13:00:00+00:00,61990.921875,1552.0799560546875,160.2449951171875,92.5,4430.7001953125,99.62300109863281
2026-06-05 13:01:00+00:00,62018.0,1549.5799560546875,159.9029998779297,92.20999908447266,4442.2998046875,99.51200103759766
2026-06-05 13:02:00+00:00,61878.98828125,1551.6800537109375,160.02499389648438,92.25,4438.7998046875,99.56300354003906
2026-06-05 13:03:00+00:00,62001.55078125,1552.8699951171875,159.98199462890625,92.19000244140625,4436.0,99.56500244140625
2026-06-05 13:04:00+00:00,62015.98046875,1552.0799560546875,160.0240020751953,92.05000305175781,4437.60009765625,99.56900024414062
2026-06-05 13:05:00+00:00,61999.12109375,1552.1800537109375,160.03399658203125,92.19999694824219,4439.89990234375,99.5719985961914
2026-06-05 13:06:00+00:00,61968.2890625,1552.6800537109375,160.06199645996094,92.31999969482422,4436.0,99.59300231933594
2026-06-05 13:07:00+00:00,61954.96875,1552.75,160.03500366210938,92.12999725341797,4441.10009765625,99.59400177001953
2026-06-05 13:08:00+00:00,61906.640625,1552.6199951171875,160.02099609375,92.02999877929688,4442.89990234375,99.5739974975586
2026-06-05 13:09:00+00:00,61901.828125,1552.4599609375,160.00599670410156,91.9000015258789,4442.10009765625,99.55400085449219
2026-06-05 13:10:00+00:00,61933.5703125,1551.97998046875,159.98500061035156,91.88999938964844,4442.10009765625,99.53500366210938
2026-06-05 13:11:00+00:00,61915.01953125,1551.25,160.00100708007812,91.77999877929688,4443.7998046875,99.5459976196289
2026-06-05 13:12:00+00:00,61913.80078125,1551.0799560546875,160.00100708007812,91.61000061035156,4443.89990234375,99.52899932861328
2026-06-05 13:13:00+00:00,62016.01171875,1551.3800048828125,160.03599548339844,91.95999908447266,4441.7001953125,99.54399871826172
2026-06-05 13:14:00+00:00,61935.98046875,1551.3900146484375,160.06199645996094,91.91999816894531,4443.89990234375,99.54199981689453
2026-06-05 13:15:00+00:00,61866.0,1552.2099609375,160.0679931640625,91.94999694824219,4443.0,99.55400085449219
2026-06-05 13:16:00+00:00,61875.48046875,1552.4200439453125,160.05299377441406,91.87000274658203,4443.10009765625,99.54900360107422
2026-06-05 13:17:00+00:00,61944.26953125,1552.56005859375,160.07200622558594,91.86000061035156,4442.5,99.54100036621094
2026-06-05 13:18:00+00:00,62044.26953125,1552.47998046875,160.05499267578125,91.76000213623047,4444.2001953125,99.53199768066406
2026-06-05 13:19:00+00:00,62016.41015625,1553.02001953125,160.0749969482422,91.8499984741211,4443.0,99.53900146484375
2026-06-05 13:20:00+00:00,62237.96875,1552.3800048828125,160.05599975585938,91.91000366210938,4441.0,99.52300262451172
2026-06-05 13:21:00+00:00,62197.921875,1552.3800048828125,160.0760040283203,91.81999969482422,4443.60009765625,99.53500366210938
2026-06-05 13:22:00+00:00,62148.109375,1552.8800048828125,160.08700561523438,91.91999816894531,4441.2001953125,99.56199645996094
2026-06-05 13:23:00+00:00,62049.2890625,1553.280029296875,160.09800720214844,92.01000213623047,4440.7001953125,99.56800079345703
2026-06-05 13:24:00+00:00,62081.5390625,1553.280029296875,160.16299438476562,92.13999938964844,4435.5,99.58100128173828
2026-06-05 13:25:00+00:00,62157.51953125,1553.1099853515625,160.1490020751953,92.0199966430664,4438.0,99.57499694824219
2026-06-05 13:26:00+00:00,62134.828125,1553.1800537109375,160.13900756835938,91.95999908447266,4437.39990234375,99.58300018310547
2026-06-05 13:27:00+00:00,62112.03125,1553.5799560546875,160.16200256347656,92.01000213623047,4435.7001953125,99.5999984741211
2026-06-05 13:28:00+00:00,62116.01171875,1553.5799560546875,160.14999389648438,91.87999725341797,4433.89990234375,99.61000061035156
2026-06-05 13:29:00+00:00,62083.05078125,1554.3699951171875,160.16400146484375,91.87000274658203,4430.5,99.61699676513672
2026-06-05 13:30:00+00:00,61879.51171875,1554.97998046875,160.16700744628906,91.66000366210938,4425.0,99.63300323486328
2026-06-05 13:31:00+00:00,62100.0,1554.47998046875,160.1510009765625,91.47000122070312,4430.39990234375,99.63099670410156
2026-06-05 13:32:00+00:00,62079.921875,1553.47998046875,160.16099548339844,91.5199966430664,4434.7998046875,99.6259994506836
2026-06-05 13:33:00+00:00,62152.05859375,1553.1600341796875,160.14100646972656,91.55000305175781,4430.89990234375,99.61399841308594
2026-06-05 13:34:00+00:00,62145.12890625,1553.8699951171875,160.15499877929688,91.63999938964844,4430.7001953125,99.61799621582031
2026-06-05 13:35:00+00:00,62155.98828125,1553.97998046875,160.15199279785156,91.66999816894531,4429.5,99.61199951171875
2026-06-05 13:36:00+00:00,62044.640625,1554.3800048828125,160.16400146484375,91.72000122070312,4423.5,99.625
2026-06-05 13:37:00+00:00,61876.44140625,1554.780029296875,160.15899658203125,91.69000244140625,4414.7998046875,99.6500015258789
2026-06-05 13:38:00+00:00,61762.23828125,1554.1800537109375,160.15899658203125,91.6500015258789,4413.7001953125,99.65499877929688
2026-06-05 13:39:00+00:00,61753.6015625,1554.52001953125,160.1580047607422,91.61000061035156,4417.5,99.65699768066406
2026-06-05 13:40:00+00:00,61714.859375,1553.8800048828125,160.1580047607422,91.41000366210938,4422.0,99.64600372314453
2026-06-05 13:41:00+00:00,61635.328125,1554.5899658203125,160.16000366210938,91.69000244140625,4416.89990234375,99.65399932861328
2026-06-05 13:42:00+00:00,61657.859375,1555.3299560546875,160.16900634765625,91.58000183105469,4416.0,99.6729965209961
2026-06-05 13:43:00+00:00,61777.71875,1554.280029296875,160.1439971923828,91.5999984741211,4415.2001953125,99.66500091552734
2026-06-05 13:44:00+00:00,61790.5390625,1554.199951171875,160.0989990234375,91.52999877929688,4414.7001953125,99.64600372314453
2026-06-05 13:45:00+00:00,61698.78125,1553.5400390625,160.03500366210938,91.41000366210938,4411.39990234375,99.63300323486328
2026-06-05 13:46:00+00:00,61765.98046875,1552.8800048828125,160.05499267578125,91.4800033569336,4414.0,99.62100219726562
2026-06-05 13:47:00+00:00,61625.62890625,1553.280029296875,160.07699584960938,91.58999633789062,4409.5,99.62000274658203
2026-06-05 13:48:00+00:00,61521.98828125,1553.3800048828125,160.09300231933594,91.58999633789062,4413.0,99.6259994506836
2026-06-05 13:49:00+00:00,61232.23046875,1553.5799560546875,160.08099365234375,91.5,4409.10009765625,99.625
2026-06-05 13:50:00+00:00,61237.7109375,1553.8199462890625,160.11099243164062,91.44999694824219,4408.2001953125,99.63999938964844
2026-06-05 13:51:00+00:00,61179.421875,1553.68994140625,160.1179962158203,91.31999969482422,4411.60009765625,99.66999816894531
2026-06-05 13:52:00+00:00,61107.96875,1552.72998046875,160.10299682617188,91.41000366210938,4410.7001953125,99.66799926757812
2026-06-05 13:53:00+00:00,61104.62109375,1553.0400390625,160.1179962158203,91.45999908447266,4409.0,99.66600036621094
2026-06-05 13:54:00+00:00,61161.37890625,1552.1199951171875,160.11599731445312,91.4800033569336,4410.2998046875,99.6520004272461
2026-06-05 13:55:00+00:00,61042.26953125,1552.5799560546875,160.0959930419922,91.37000274658203,4407.39990234375,99.66400146484375
2026-06-05 13:56:00+00:00,60910.9296875,1552.6800537109375,160.0959930419922,91.44000244140625,4404.39990234375,99.66000366210938
2026-06-05 13:57:00+00:00,60797.01171875,1552.5799560546875,160.0970001220703,91.41000366210938,4402.2001953125,99.66200256347656
2026-06-05 13:58:00+00:00,60759.05859375,1552.8800048828125,160.10899353027344,91.4800033569336,4403.2001953125,99.66999816894531
2026-06-05 13:59:00+00:00,60700.3515625,1553.56005859375,160.13800048828125,91.4800033569336,4390.5,99.69999694824219
2026-06-05 14:00:00+00:00,60877.109375,1553.0,160.15899658203125,91.31999969482422,4392.7001953125,99.70700073242188
2026-06-05 14:01:00+00:00,60720.8984375,1552.280029296875,160.14700317382812,91.2699966430664,4392.39990234375,99.71499633789062
2026-06-05 14:02:00+00:00,60819.08984375,1551.4599609375,160.0780029296875,90.75,4402.39990234375,99.64900207519531
2026-06-05 14:03:00+00:00,60659.48828125,1551.780029296875,160.10400390625,90.87999725341797,4401.5,99.65799713134766
2026-06-05 14:04:00+00:00,60571.30078125,1552.969970703125,160.1219940185547,91.05999755859375,4396.60009765625,99.69000244140625
2026-06-05 14:05:00+00:00,60596.01171875,1550.3800048828125,160.1280059814453,91.08000183105469,4395.2998046875,99.68699645996094
2026-06-05 14:06:00+00:00,60604.0,1553.9100341796875,160.14500427246094,91.38999938964844,4391.5,99.7229995727539
2026-06-05 14:07:00+00:00,60786.578125,1554.010009765625,160.1439971923828,91.4000015258789,4393.7001953125,99.73100280761719
2026-06-05 14:08:00+00:00,60986.62109375,1554.43994140625,160.15199279785156,91.37999725341797,4399.0,99.72699737548828
2026-06-05 14:09:00+00:00,61083.4296875,1554.5,160.14199829101562,91.16999816894531,4399.2001953125,99.73799896240234
2026-06-05 14:10:00+00:00,60877.21875,1554.1300048828125,160.13499450683594,90.95999908447266,4398.0,99.73799896240234
2026-06-05 14:11:00+00:00,60712.01171875,1555.3800048828125,160.14999389648438,91.18000030517578,4392.5,99.75900268554688
2026-06-05 14:12:00+00:00,60705.921875,1555.280029296875,160.14199829101562,91.19000244140625,4393.89990234375,99.76399993896484
2026-06-05 14:13:00+00:00,60781.5,1555.06005859375,160.16299438476562,91.19000244140625,4390.2001953125,99.76899719238281
2026-06-05 14:14:00+00:00,60822.0,1555.3499755859375,160.1580047607422,91.02999877929688,4391.10009765625,99.77100372314453
2026-06-05 14:15:00+00:00,60899.80859375,1555.199951171875,160.17999267578125,91.02999877929688,4391.7998046875,99.78199768066406
2026-06-05 14:16:00+00:00,60867.3984375,1554.780029296875,160.18800354003906,91.06999969482422,4390.2998046875,99.78800201416016
2026-06-05 14:17:00+00:00,60815.98828125,1555.280029296875,160.1909942626953,91.20999908447266,4392.39990234375,99.78700256347656
2026-06-05 14:18:00+00:00,60667.12109375,1555.3900146484375,160.2100067138672,91.38999938964844,4392.0,99.7979965209961
2026-06-05 14:19:00+00:00,60750.46875,1555.7099609375,160.20799255371094,91.19000244140625,4394.60009765625,99.802001953125
2026-06-05 14:20:00+00:00,60848.69921875,1555.780029296875,160.22000122070312,91.2300033569336,4394.7998046875,99.802001953125
2026-06-05 14:21:00+00:00,60743.8203125,1555.5799560546875,160.22500610351562,91.33999633789062,4391.0,99.80599975585938
2026-06-05 14:22:00+00:00,60640.01953125,1556.0,160.2169952392578,91.41999816894531,4382.10009765625,99.81300354003906
2026-06-05 14:23:00+00:00,60599.921875,1555.699951171875,160.1929931640625,91.4000015258789,4384.5,99.80599975585938
2026-06-05 14:24:00+00:00,60535.83984375,1555.6800537109375,160.21800231933594,91.51000213623047,4382.2998046875,99.8239974975586
2026-06-05 14:25:00+00:00,60441.98828125,1555.8800048828125,160.2259979248047,91.62000274658203,4379.0,99.83399963378906
2026-06-05 14:26:00+00:00,60352.58984375,1555.5799560546875,160.22000122070312,91.5199966430664,4380.89990234375,99.8290023803711
2026-06-05 14:27:00+00:00,60393.98046875,1555.7099609375,160.21800231933594,91.44000244140625,4383.89990234375,99.82499694824219
2026-06-05 14:28:00+00:00,60361.21875,1555.6600341796875,160.20399475097656,91.37999725341797,4384.2001953125,99.82499694824219
2026-06-05 14:29:00+00:00,60353.5703125,1555.739990234375,160.18699645996094,91.31999969482422,4385.7001953125,99.8239974975586
2026-06-05 14:30:00+00:00,60412.0,1553.6800537109375,160.17799377441406,91.16000366210938,4386.39990234375,99.8030014038086
2026-06-05 14:31:00+00:00,60339.26953125,1553.0799560546875,160.1790008544922,91.22000122070312,4382.10009765625,99.78800201416016
2026-06-05 14:32:00+00:00,60356.6015625,1553.280029296875,160.20399475097656,91.23999786376953,4384.10009765625,99.78700256347656
2026-06-05 14:33:00+00:00,60481.55078125,1553.6800537109375,160.19900512695312,91.26000213623047,4374.5,99.78800201416016
2026-06-05 14:34:00+00:00,60792.0,1552.8800048828125,160.2030029296875,91.23999786376953,4378.2998046875,99.7969970703125
2026-06-05 14:35:00+00:00,60910.37109375,1553.1800537109375,160.20899963378906,91.44999694824219,4379.39990234375,99.79399871826172
2026-06-05 14:36:00+00:00,61017.28125,1553.5799560546875,160.2100067138672,91.45999908447266,4377.0,99.80899810791016
2026-06-05 14:37:00+00:00,61094.6015625,1553.0799560546875,160.21800231933594,91.4800033569336,4377.7998046875,99.81500244140625
2026-06-05 14:38:00+00:00,60871.12890625,1553.18994140625,160.2270050048828,91.5,4373.7001953125,99.81300354003906
2026-06-05 14:39:00+00:00,60847.9609375,1552.97998046875,160.22999572753906,91.51000213623047,4373.2001953125,99.81199645996094
2026-06-05 14:40:00+00:00,60914.01953125,1553.760009765625,160.23399353027344,91.41000366210938,4373.2998046875,99.81500244140625
2026-06-05 14:41:00+00:00,60914.96875,1553.3800048828125,160.22999572753906,91.44999694824219,4374.89990234375,99.81900024414062
2026-06-05 14:42:00+00:00,60958.0,1553.7900390625,160.24099731445312,91.44999694824219,4373.60009765625,99.8219985961914
2026-06-05 14:43:00+00:00,60851.05859375,1553.47998046875,160.25,91.45999908447266,4371.7001953125,99.8290023803711
2026-06-05 14:44:00+00:00,60771.05078125,1554.1500244140625,160.25399780273438,91.33999633789062,4374.39990234375,99.85399627685547
2026-06-05 14:45:00+00:00,61007.1484375,1553.0799560546875,160.2209930419922,91.23999786376953,4377.2998046875,99.83699798583984
2026-06-05 14:46:00+00:00,60958.0,1553.280029296875,160.20799255371094,91.1500015258789,4378.2998046875,99.81900024414062
2026-06-05 14:47:00+00:00,60886.21875,1553.0799560546875,160.19200134277344,91.20999908447266,4380.60009765625,99.81099700927734
2026-06-05 14:48:00+00:00,60879.921875,1553.1800537109375,160.2010040283203,91.0999984741211,4380.0,99.81300354003906
2026-06-05 14:49:00+00:00,60779.171875,1553.3599853515625,160.21099853515625,91.11000061035156,4381.2998046875,99.81199645996094
2026-06-05 14:50:00+00:00,60868.890625,1553.5,160.20700073242188,91.2300033569336,4384.2998046875,99.81199645996094
2026-06-05 14:51:00+00:00,60999.1015625,1553.550048828125,160.22000122070312,91.27999877929688,4390.89990234375,99.80999755859375
2026-06-05 14:52:00+00:00,60877.98046875,1553.260009765625,160.21800231933594,91.2699966430664,4385.60009765625,99.81199645996094
2026-06-05 14:53:00+00:00,60808.98828125,1553.300048828125,160.23300170898438,91.31999969482422,4388.10009765625,99.81900024414062
2026-06-05 14:54:00+00:00,60731.98046875,1553.0899658203125,160.24899291992188,91.33000183105469,4387.7001953125,99.84200286865234
2026-06-05 14:55:00+00:00,60657.6015625,1553.699951171875,160.23800659179688,91.18000030517578,4389.10009765625,99.83899688720703
2026-06-05 14:56:00+00:00,60734.578125,1553.489990234375,160.2480010986328,91.33000183105469,4390.2001953125,99.8270034790039
2026-06-05 14:57:00+00:00,60853.0,1553.1800537109375,160.2519989013672,91.30000305175781,4393.60009765625,99.80000305175781
2026-06-05 14:58:00+00:00,60800.3515625,1553.3499755859375,160.2469940185547,91.31999969482422,4392.0,99.802001953125
2026-06-05 14:59:00+00:00,60814.0,1553.280029296875,160.26600646972656,91.30999755859375,4394.60009765625,99.80500030517578
2026-06-05 15:00:00+00:00,60702.0,1553.25,160.26300048828125,91.20999908447266,4394.0,99.80599975585938
2026-06-05 15:01:00+00:00,60759.37890625,1553.47998046875,160.25900268554688,91.23999786376953,4392.5,99.81600189208984
2026-06-05 15:02:00+00:00,60701.0,1554.050048828125,160.26199340820312,91.31999969482422,4391.39990234375,99.8239974975586
2026-06-05 15:03:00+00:00,60916.12890625,1553.449951171875,160.27099609375,91.27999877929688,4391.0,99.82499694824219
2026-06-05 15:04:00+00:00,60958.578125,1554.0,160.26400756835938,91.2300033569336,4393.10009765625,99.822998046875
2026-06-05 15:05:00+00:00,60796.0,1553.989990234375,160.2790069580078,91.37999725341797,4391.89990234375,99.8280029296875
2026-06-05 15:06:00+00:00,60843.94921875,1554.199951171875,160.26100158691406,91.22000122070312,4391.10009765625,99.8270034790039
2026-06-05 15:07:00+00:00,60872.7109375,1553.989990234375,160.26400756835938,91.16999816894531,4390.0,99.84700012207031
2026-06-05 15:08:00+00:00,60753.66015625,1554.050048828125,160.27000427246094,91.19999694824219,4388.39990234375,99.8499984741211
2026-06-05 15:09:00+00:00,60707.98046875,1554.6199951171875,160.2779998779297,91.2300033569336,4386.89990234375,99.85399627685547
2026-06-05 15:10:00+00:00,60646.98828125,1554.010009765625,160.2790069580078,91.22000122070312,4385.39990234375,99.86699676513672
2026-06-05 15:11:00+00:00,60570.3203125,1555.0,160.27999877929688,91.1500015258789,4383.39990234375,99.88400268554688
2026-06-05 15:12:00+00:00,60520.80859375,1555.030029296875,160.27200317382812,91.0999984741211,4384.7998046875,99.88300323486328
2026-06-05 15:13:00+00:00,60530.55078125,1554.9599609375,160.2790069580078,91.01000213623047,4384.60009765625,99.88200378417969
2026-06-05 15:14:00+00:00,60537.01953125,1554.4599609375,160.28799438476562,91.16000366210938,4378.0,99.88700103759766
2026-06-05 15:15:00+00:00,60479.98828125,1554.43994140625,160.28199768066406,91.12999725341797,4378.2001953125,99.89600372314453
2026-06-05 15:16:00+00:00,60532.87890625,1554.4200439453125,160.2689971923828,91.29000091552734,4376.7998046875,99.88300323486328
2026-06-05 15:17:00+00:00,60721.5,1554.6099853515625,160.26800537109375,91.27999877929688,4375.0,99.88800048828125
2026-06-05 15:18:00+00:00,60765.12890625,1555.18994140625,160.27099609375,91.3499984741211,4376.5,99.89299774169922
2026-06-05 15:19:00+00:00,60806.01953125,1555.4200439453125,160.2729949951172,91.44000244140625,4380.2001953125,99.89199829101562
2026-06-05 15:20:00+00:00,60649.96875,1554.8299560546875,160.28700256347656,91.48999786376953,4374.2001953125,99.9000015258789
2026-06-05 15:21:00+00:00,60725.98828125,1554.7900390625,160.26600646972656,91.3499984741211,4375.39990234375,99.89299774169922
2026-06-05 15:22:00+00:00,60692.51171875,1555.25,160.2760009765625,91.33000183105469,4375.5,99.88600158691406
2026-06-05 15:23:00+00:00,60822.609375,1554.6700439453125,160.25999450683594,91.20999908447266,4377.10009765625,99.87200164794922
2026-06-05 15:24:00+00:00,60854.91015625,1555.0899658203125,160.27099609375,91.16000366210938,4377.5,99.88400268554688
2026-06-05 15:25:00+00:00,60969.6484375,1554.969970703125,160.26699829101562,91.08999633789062,4377.2001953125,99.87799835205078
2026-06-05 15:26:00+00:00,60985.21875,1555.0799560546875,160.26100158691406,91.13999938964844,4377.7001953125,99.89199829101562
2026-06-05 15:27:00+00:00,60846.921875,1555.030029296875,160.26100158691406,91.05999755859375,4379.7001953125,99.88400268554688
2026-06-05 15:28:00+00:00,60717.1015625,1554.699951171875,160.25100708007812,91.05999755859375,4376.2001953125,99.88600158691406
2026-06-05 15:29:00+00:00,60738.55859375,1555.219970703125,160.25799560546875,91.0999984741211,4376.7998046875,99.89099884033203
2026-06-05 15:30:00+00:00,60766.01171875,1555.3199462890625,160.25,90.80999755859375,4379.0,99.88899993896484
2026-06-05 15:31:00+00:00,60728.9296875,1555.1300048828125,160.2570037841797,90.8499984741211,4376.7998046875,99.88899993896484
2026-06-05 15:32:00+00:00,60536.62890625,1555.18994140625,160.26600646972656,90.83999633789062,4376.39990234375,99.89800262451172
2026-06-05 15:33:00+00:00,60520.80859375,1554.56005859375,160.26800537109375,90.81999969482422,4372.10009765625,99.91899871826172
2026-06-05 15:34:00+00:00,60572.2890625,1554.68994140625,160.2790069580078,90.79000091552734,4371.7998046875,99.927001953125
2026-06-05 15:35:00+00:00,60514.25,1555.1700439453125,160.25799560546875,90.66000366210938,4373.7998046875,99.91699981689453
2026-06-05 15:36:00+00:00,60399.609375,1555.22998046875,160.27999877929688,90.69999694824219,4372.10009765625,99.93699645996094
2026-06-05 15:37:00+00:00,60291.26171875,1554.6199951171875,160.281005859375,90.61000061035156,4367.89990234375,99.96600341796875
2026-06-05 15:38:00+00:00,60259.41015625,1555.510009765625,160.2830047607422,90.72000122070312,4361.89990234375,99.96600341796875
2026-06-05 15:39:00+00:00,60156.578125,1554.8199462890625,160.29600524902344,90.72000122070312,4365.60009765625,99.96700286865234
2026-06-05 15:40:00+00:00,60139.98828125,1554.9300537109375,160.29100036621094,90.5999984741211,4364.60009765625,99.96700286865234
2026-06-05 15:41:00+00:00,60078.1484375,1555.8800048828125,160.28399658203125,90.66999816894531,4361.2001953125,99.97200012207031
2026-06-05 15:42:00+00:00,60290.0,1555.5,160.28700256347656,90.5999984741211,4365.7998046875,99.96499633789062
2026-06-05 15:43:00+00:00,60396.98046875,1554.989990234375,160.29200744628906,90.56999969482422,4366.39990234375,99.9729995727539
2026-06-05 15:44:00+00:00,60288.390625,1555.1099853515625,160.28399658203125,90.55999755859375,4363.2998046875,99.97000122070312
2026-06-05 15:45:00+00:00,60191.62890625,1555.18994140625,160.281005859375,90.55000305175781,4364.2001953125,99.97200012207031
2026-06-05 15:46:00+00:00,60218.80078125,1555.280029296875,160.28799438476562,90.66000366210938,4363.2998046875,99.96800231933594
2026-06-05 15:47:00+00:00,60185.578125,1555.31005859375,160.28900146484375,90.72000122070312,4363.39990234375,99.99099731445312
2026-06-05 15:48:00+00:00,60245.9609375,1555.469970703125,160.2740020751953,90.70999908447266,4363.2998046875,99.98699951171875
2026-06-05 15:49:00+00:00,60550.0,1555.4000244140625,160.26400756835938,90.7300033569336,4364.39990234375,99.98500061035156
2026-06-05 15:50:00+00:00,60474.0,1555.510009765625,160.2729949951172,90.69000244140625,4362.7001953125,99.98899841308594
2026-06-05 15:51:00+00:00,60458.69140625,1555.4000244140625,160.2790069580078,90.76000213623047,4364.10009765625,99.98300170898438
2026-06-05 15:52:00+00:00,60474.640625,1555.1700439453125,160.27999877929688,90.72000122070312,4366.0,99.97699737548828
2026-06-05 15:53:00+00:00,60481.94140625,1555.1400146484375,160.2729949951172,90.73999786376953,4365.2001953125,99.98500061035156
2026-06-05 15:54:00+00:00,60518.76171875,1555.1400146484375,160.26199340820312,90.70999908447266,4365.5,99.98300170898438
2026-06-05 15:55:00+00:00,60540.8203125,1555.1099853515625,160.26499938964844,90.68000030517578,4364.2001953125,99.98899841308594
2026-06-05 15:56:00+00:00,60492.21875,1555.300048828125,160.25799560546875,90.70999908447266,4363.89990234375,99.98799896240234
2026-06-05 15:57:00+00:00,60526.83984375,1555.3299560546875,160.2570037841797,90.66000366210938,4363.39990234375,99.98600006103516
2026-06-05 15:58:00+00:00,60458.01171875,1555.530029296875,160.26199340820312,90.80000305175781,4359.7001953125,99.99400329589844
2026-06-05 15:59:00+00:00,60403.01953125,1555.9300537109375,160.25900268554688,90.7699966430664,4360.39990234375,99.99099731445312
2026-06-05 16:00:00+00:00,60152.23046875,1556.1600341796875,160.2530059814453,90.93000030517578,4357.2998046875,100.00199890136719
2026-06-05 16:01:00+00:00,60154.01953125,1555.8699951171875,160.25599670410156,90.83000183105469,4357.89990234375,99.99400329589844
2026-06-05 16:02:00+00:00,60176.53125,1556.1400146484375,160.25399780273438,90.88999938964844,4359.89990234375,100.00399780273438
2026-06-05 16:03:00+00:00,60218.5390625,1556.280029296875,160.27000427246094,90.87000274658203,4360.10009765625,100.01200103759766
2026-06-05 16:04:00+00:00,60204.25,1556.010009765625,160.26100158691406,90.87000274658203,4359.10009765625,100.01300048828125
2026-06-05 16:05:00+00:00,60168.3203125,1556.3800048828125,160.26699829101562,90.80999755859375,4356.2001953125,100.01499938964844
2026-06-05 16:06:00+00:00,60381.0,1557.8800048828125,160.25999450683594,90.8499984741211,4354.89990234375,100.0260009765625
2026-06-05 16:07:00+00:00,60266.390625,1557.6500244140625,160.25799560546875,90.86000061035156,4355.0,100.02799987792969
2026-06-05 16:08:00+00:00,60121.98828125,1556.969970703125,160.2480010986328,90.81999969482422,4356.60009765625,100.03399658203125
2026-06-05 16:09:00+00:00,60046.19921875,1557.8699951171875,160.26600646972656,90.81999969482422,4357.7998046875,100.03500366210938
2026-06-05 16:10:00+00:00,60050.390625,1557.510009765625,160.2740020751953,90.76000213623047,4357.7998046875,100.02899932861328
2026-06-05 16:11:00+00:00,59813.62109375,1557.4300537109375,160.27000427246094,90.70999908447266,4359.39990234375,100.0260009765625
2026-06-05 16:12:00+00:00,60360.01171875,1557.72998046875,160.25799560546875,90.62000274658203,4361.39990234375,100.03099822998047
2026-06-05 16:13:00+00:00,60646.0,1557.47998046875,160.26499938964844,90.51000213623047,4361.89990234375,100.02200317382812
2026-06-05 16:14:00+00:00,60837.2890625,1557.81005859375,160.26800537109375,90.45999908447266,4358.2001953125,100.02899932861328
2026-06-05 16:15:00+00:00,61014.05078125,1558.3699951171875,160.281005859375,90.54000091552734,4355.2998046875,100.04000091552734
2026-06-05 16:16:00+00:00,60865.171875,1559.949951171875,160.31700134277344,90.48999786376953,4354.2998046875,100.05999755859375
2026-06-05 16:17:00+00:00,60792.7890625,1560.239990234375,160.3159942626953,90.45999908447266,4351.7998046875,100.05899810791016
2026-06-05 16:18:00+00:00,61005.87890625,1561.2900390625,160.30999755859375,90.31999969482422,4352.60009765625,100.06400299072266
2026-06-05 16:19:00+00:00,60934.5390625,1561.050048828125,160.30499267578125,90.33999633789062,4355.60009765625,100.05599975585938
2026-06-05 16:20:00+00:00,60971.91015625,1561.050048828125,160.29600524902344,90.48999786376953,4351.2998046875,100.06400299072266
2026-06-05 16:21:00+00:00,61419.62109375,1560.1300048828125,160.3000030517578,90.41000366210938,4353.39990234375,100.05899810791016
2026-06-05 16:22:00+00:00,61394.5,1559.9000244140625,160.29800415039062,90.37000274658203,4352.60009765625,100.05400085449219
2026-06-05 16:23:00+00:00,61112.71875,1559.239990234375,160.28199768066406,90.2300033569336,4352.7998046875,100.05400085449219
2026-06-05 16:24:00+00:00,61191.23828125,1561.0,160.28599548339844,90.20999908447266,4353.5,100.05699920654297
2026-06-05 16:25:00+00:00,61110.96875,1560.260009765625,160.2830047607422,90.20999908447266,4357.5,100.0459976196289
2026-06-05 16:26:00+00:00,61089.51953125,1560.43994140625,160.27000427246094,90.05999755859375,4355.2001953125,100.02300262451172
2026-06-05 16:27:00+00:00,61182.171875,1559.550048828125,160.28500366210938,90.05999755859375,4354.89990234375,100.02899932861328
2026-06-05 16:28:00+00:00,60976.55859375,1560.260009765625,160.27499389648438,90.08000183105469,4356.39990234375,100.02799987792969
2026-06-05 16:29:00+00:00,60889.23046875,1560.4599609375,160.28599548339844,90.0999984741211,4354.5,100.04100036621094
2026-06-05 16:30:00+00:00,60958.80078125,1560.22998046875,160.28700256347656,90.08000183105469,4352.5,100.04499816894531
2026-06-05 16:31:00+00:00,60937.2109375,1560.5,160.2989959716797,90.01000213623047,4351.2001953125,100.06199645996094
2026-06-05 16:32:00+00:00,60866.01171875,1560.300048828125,160.30299377441406,89.98999786376953,4350.89990234375,100.06600189208984
2026-06-05 16:33:00+00:00,60711.0703125,1560.2900390625,160.31399536132812,89.91000366210938,4349.5,100.06900024414062
2026-06-05 16:34:00+00:00,60775.83984375,1560.5699462890625,160.3070068359375,89.86000061035156,4353.7998046875,100.05699920654297
2026-06-05 16:35:00+00:00,60866.12109375,1560.6700439453125,160.31399536132812,89.88999938964844,4350.7998046875,100.06600189208984
2026-06-05 16:36:00+00:00,60858.8515625,1560.25,160.31199645996094,89.95999908447266,4350.39990234375,100.06800079345703
2026-06-05 16:37:00+00:00,60896.01953125,1559.3900146484375,160.3000030517578,89.94000244140625,4354.10009765625,100.06400299072266
2026-06-05 16:38:00+00:00,60888.421875,1560.1300048828125,160.31300354003906,89.86000061035156,4356.0,100.06099700927734
2026-06-05 16:39:00+00:00,60918.62109375,1560.1300048828125,160.31500244140625,89.80999755859375,4356.2998046875,100.06199645996094
2026-06-05 16:40:00+00:00,60921.6484375,1560.1300048828125,160.31700134277344,89.97000122070312,4354.2001953125,100.06400299072266
2026-06-05 16:41:00+00:00,60864.44921875,1560.199951171875,160.32400512695312,90.04000091552734,4353.7001953125,100.072998046875
2026-06-05 16:42:00+00:00,60762.390625,1560.1099853515625,160.3350067138672,90.08999633789062,4352.10009765625,100.07599639892578
2026-06-05 16:43:00+00:00,60817.53125,1560.1500244140625,160.32000732421875,90.05999755859375,4352.60009765625,100.06999969482422
2026-06-05 16:44:00+00:00,60794.75,1559.9300537109375,160.31300354003906,89.94999694824219,4352.39990234375,100.05899810791016
2026-06-05 16:45:00+00:00,60765.94140625,1560.1800537109375,160.31100463867188,90.0,4350.2998046875,100.05899810791016
2026-06-05 16:46:00+00:00,60862.05859375,1559.699951171875,160.31199645996094,89.94999694824219,4353.89990234375,100.04900360107422
2026-06-05 16:47:00+00:00,60892.828125,1559.52001953125,160.302001953125,89.83999633789062,4355.5,100.04499816894531
2026-06-05 16:48:00+00:00,60990.890625,1558.97998046875,160.2989959716797,89.87000274658203,4357.39990234375,100.04100036621094
2026-06-05 16:49:00+00:00,61079.5,1559.9000244140625,160.30099487304688,89.87000274658203,4358.60009765625,100.04199981689453
2026-06-05 16:50:00+00:00,61216.7109375,1559.3199462890625,160.28900146484375,89.75,4358.2998046875,100.04000091552734
2026-06-05 16:51:00+00:00,61211.01953125,1559.3699951171875,160.27200317382812,89.76000213623047,4359.7001953125,100.02400207519531
2026-06-05 16:52:00+00:00,61236.53125,1559.8499755859375,160.28700256347656,89.79000091552734,4360.0,100.02999877929688
2026-06-05 16:53:00+00:00,61279.98828125,1559.8800048828125,160.2830047607422,89.77999877929688,4361.10009765625,100.02799987792969
2026-06-05 16:54:00+00:00,61337.87109375,1558.510009765625,160.2830047607422,89.83000183105469,4363.0,100.0199966430664
2026-06-05 16:55:00+00:00,61271.01171875,1559.47998046875,160.28500366210938,89.9000015258789,4362.39990234375,100.02799987792969
2026-06-05 16:56:00+00:00,61326.0,1558.5899658203125,160.28900146484375,89.98999786376953,4364.89990234375,100.02300262451172
2026-06-05 16:57:00+00:00,61392.94921875,1558.5,160.27200317382812,89.95999908447266,4368.0,100.00399780273438
2026-06-05 16:58:00+00:00,61412.98828125,1557.9100341796875,160.25100708007812,89.97000122070312,4367.5,99.99400329589844
2026-06-05 16:59:00+00:00,61339.3203125,1557.6600341796875,160.2740020751953,90.08000183105469,4369.10009765625,99.99700164794922
2026-06-05 17:00:00+00:00,61380.109375,1557.8299560546875,160.27499389648438,90.19000244140625,4369.0,100.00199890136719
2026-06-05 17:01:00+00:00,61233.53125,1558.22998046875,160.28500366210938,90.16999816894531,4365.0,100.0009994506836
2026-06-05 17:02:00+00:00,61171.0,1558.22998046875,160.27099609375,90.08999633789062,4367.0,100.01000213623047
2026-06-05 17:03:00+00:00,61261.30078125,1558.4300537109375,160.2729949951172,90.11000061035156,4366.7998046875,100.01300048828125
2026-06-05 17:04:00+00:00,61334.3515625,1558.3399658203125,160.2779998779297,90.0199966430664,4368.7998046875,100.01100158691406
2026-06-05 17:05:00+00:00,61263.140625,1558.43994140625,160.27099609375,90.02999877929688,4367.89990234375,100.00700378417969
2026-06-05 17:06:00+00:00,61193.21875,1558.3800048828125,160.29600524902344,90.02999877929688,4365.2998046875,100.01599884033203
2026-06-05 17:07:00+00:00,61263.98828125,1558.47998046875,160.28399658203125,90.05999755859375,4365.89990234375,100.01899719238281
2026-06-05 17:08:00+00:00,61360.359375,1558.260009765625,160.281005859375,89.95999908447266,4365.2001953125,100.02400207519531
2026-06-05 17:09:00+00:00,61308.0,1558.5999755859375,160.29299926757812,89.95999908447266,4364.0,100.02899932861328
2026-06-05 17:10:00+00:00,61204.03125,1558.6099853515625,160.29100036621094,89.9800033569336,4363.2998046875,100.0260009765625
2026-06-05 17:11:00+00:00,60927.9609375,1558.6099853515625,160.30599975585938,90.04000091552734,4361.89990234375,100.03399658203125
2026-06-05 17:12:00+00:00,60994.9296875,1558.6800537109375,160.30299377441406,90.0199966430664,4364.0,100.03099822998047
2026-06-05 17:13:00+00:00,61036.0,1558.5899658203125,160.29800415039062,90.01000213623047,4365.2001953125,100.02300262451172
2026-06-05 17:14:00+00:00,61004.0,1558.6300048828125,160.29100036621094,90.02999877929688,4363.89990234375,100.02200317382812
2026-06-05 17:15:00+00:00,60913.5,1558.5400390625,160.28799438476562,89.9800033569336,4366.5,100.02300262451172
2026-06-05 17:16:00+00:00,60841.7109375,1558.6199951171875,160.29800415039062,90.0999984741211,4363.10009765625,100.03299713134766
2026-06-05 17:17:00+00:00,60803.671875,1558.6099853515625,160.28799438476562,90.04000091552734,4366.2001953125,100.02899932861328
2026-06-05 17:18:00+00:00,60750.3203125,1558.7900390625,160.2989959716797,90.01000213623047,4363.7998046875,100.03299713134766
2026-06-05 17:19:00+00:00,60806.0,1558.9300537109375,160.30099487304688,89.98999786376953,4363.39990234375,100.03299713134766
2026-06-05 17:20:00+00:00,60756.359375,1558.699951171875,160.30099487304688,90.0199966430664,4362.2001953125,100.03099822998047
2026-06-05 17:21:00+00:00,60834.0,1559.0799560546875,160.30299377441406,90.01000213623047,4364.5,100.02799987792969
2026-06-05 17:22:00+00:00,60868.25,1558.530029296875,160.28700256347656,90.0,4365.0,100.0199966430664
2026-06-05 17:23:00+00:00,60769.21875,1558.219970703125,160.3000030517578,90.06999969482422,4364.10009765625,100.03099822998047
2026-06-05 17:24:00+00:00,60736.5703125,1558.52001953125,160.30099487304688,90.08999633789062,4363.7998046875,100.0250015258789
2026-06-05 17:25:00+00:00,60695.96875,1557.77001953125,160.3070068359375,90.08999633789062,4363.2998046875,100.02799987792969
2026-06-05 17:26:00+00:00,60669.98046875,1557.2900390625,160.2969970703125,90.05000305175781,4363.0,100.02899932861328
2026-06-05 17:27:00+00:00,60664.4609375,1557.75,160.30799865722656,90.05999755859375,4363.0,100.03700256347656
2026-06-05 17:28:00+00:00,60679.66015625,1557.77001953125,160.30499267578125,90.04000091552734,4362.2001953125,100.03399658203125
2026-06-05 17:29:00+00:00,60637.109375,1558.1199951171875,160.30499267578125,90.11000061035156,4367.39990234375,100.03600311279297
2026-06-05 17:30:00+00:00,60735.0,1558.1400146484375,160.31199645996094,90.08000183105469,4366.7998046875,100.03800201416016
2026-06-05 17:31:00+00:00,60761.078125,1558.1500244140625,160.31500244140625,90.02999877929688,4366.5,100.04399871826172
2026-06-05 17:32:00+00:00,60721.3984375,1557.5999755859375,160.31900024414062,90.05999755859375,4367.60009765625,100.0510025024414
2026-06-05 17:33:00+00:00,60810.7109375,1557.989990234375,160.32400512695312,90.06999969482422,4367.7001953125,100.05599975585938
2026-06-05 17:34:00+00:00,60828.01953125,1558.0999755859375,160.3179931640625,90.04000091552734,4367.60009765625,100.0530014038086
2026-06-05 17:35:00+00:00,60724.890625,1557.449951171875,160.32200622558594,90.05000305175781,4365.89990234375,100.05699920654297
2026-06-05 17:36:00+00:00,60718.87109375,1558.18994140625,160.32699584960938,90.08000183105469,4366.60009765625,100.05699920654297
2026-06-05 17:37:00+00:00,60777.96875,1557.47998046875,160.32400512695312,90.0999984741211,4367.2998046875,100.04900360107422
2026-06-05 17:38:00+00:00,60812.94921875,1557.47998046875,160.3249969482422,90.0999984741211,4368.2001953125,100.0469970703125
2026-06-05 17:39:00+00:00,60835.73046875,1557.5,160.322998046875,90.16000366210938,4369.60009765625,100.0459976196289
2026-06-05 17:40:00+00:00,61034.05078125,1558.1600341796875,160.33299255371094,90.25,4369.2998046875,100.0459976196289
2026-06-05 17:41:00+00:00,60861.0703125,1558.1099853515625,160.33200073242188,90.30999755859375,4366.0,100.06400299072266
2026-06-05 17:42:00+00:00,60908.96875,1559.1600341796875,160.32699584960938,90.16999816894531,4367.10009765625,100.06900024414062
2026-06-05 17:43:00+00:00,60899.30859375,1559.050048828125,160.3249969482422,90.16999816894531,4366.0,100.06999969482422
2026-06-05 17:44:00+00:00,60691.6796875,1558.7099609375,160.32699584960938,90.1500015258789,4365.7001953125,100.07499694824219
2026-06-05 17:45:00+00:00,60722.96875,1558.239990234375,160.31300354003906,90.12999725341797,4366.5,100.0719985961914
2026-06-05 17:46:00+00:00,60654.94921875,1558.510009765625,160.322998046875,90.0999984741211,4365.10009765625,100.0790023803711
2026-06-05 17:47:00+00:00,60723.1484375,1558.2900390625,160.32200622558594,90.08999633789062,4364.7001953125,100.08799743652344
2026-06-05 17:48:00+00:00,60686.828125,1558.6300048828125,160.3300018310547,90.08999633789062,4364.10009765625,100.09300231933594
2026-06-05 17:49:00+00:00,60613.98828125,1558.6099853515625,160.32699584960938,90.11000061035156,4364.39990234375,100.08899688720703
2026-06-05 17:50:00+00:00,60723.01171875,1558.31005859375,160.322998046875,89.98999786376953,4364.2998046875,100.08499908447266
2026-06-05 17:51:00+00:00,60682.640625,1558.469970703125,160.32400512695312,90.04000091552734,4363.5,100.08999633789062
2026-06-05 17:52:00+00:00,60736.6015625,1558.260009765625,160.33099365234375,89.9800033569336,4365.10009765625,100.09100341796875
2026-06-05 17:53:00+00:00,60768.5390625,1558.3699951171875,160.3209991455078,90.08000183105469,4367.0,100.08699798583984
2026-06-05 17:54:00+00:00,60736.4296875,1558.31005859375,160.3249969482422,90.02999877929688,4368.2001953125,100.08699798583984
2026-06-05 17:55:00+00:00,60646.87109375,1558.22998046875,160.322998046875,90.0,4367.2998046875,100.08100128173828
2026-06-05 17:56:00+00:00,60705.01171875,1558.5,160.32200622558594,90.05999755859375,4367.10009765625,100.07599639892578
2026-06-05 17:57:00+00:00,60742.03125,1558.31005859375,160.3090057373047,90.0199966430664,4367.7001953125,100.05899810791016
2026-06-05 17:58:00+00:00,60758.46875,1558.6500244140625,160.3179931640625,90.0,4367.89990234375,100.06500244140625
2026-06-05 17:59:00+00:00,60751.9609375,1558.2900390625,160.31399536132812,90.02999877929688,4366.2001953125,100.06999969482422
2026-06-05 18:00:00+00:00,60858.2890625,1558.1199951171875,160.31300354003906,90.05999755859375,4365.60009765625,100.06700134277344
2026-06-05 18:01:00+00:00,60864.98828125,1558.3699951171875,160.31300354003906,89.9800033569336,4363.7001953125,100.06199645996094
2026-06-05 18:02:00+00:00,60782.28125,1558.4200439453125,160.31700134277344,89.9800033569336,4362.10009765625,100.08300018310547
2026-06-05 18:03:00+00:00,60680.859375,1558.5999755859375,160.32000732421875,89.98999786376953,4361.2998046875,100.08599853515625
2026-06-05 18:04:00+00:00,60686.8984375,1558.6099853515625,160.32200622558594,89.97000122070312,4358.0,100.0979995727539
2026-06-05 18:05:00+00:00,60722.01171875,1558.6500244140625,160.32400512695312,90.04000091552734,4357.0,100.0999984741211
2026-06-05 18:06:00+00:00,60790.80859375,1558.6800537109375,160.3350067138672,90.18000030517578,4356.0,100.10399627685547
2026-06-05 18:07:00+00:00,60813.75,1559.27001953125,160.32400512695312,90.18000030517578,4356.5,100.0999984741211
2026-06-05 18:08:00+00:00,60729.98828125,1559.3299560546875,160.32200622558594,90.12000274658203,4356.10009765625,100.09500122070312
2026-06-05 18:09:00+00:00,60670.41015625,1558.5999755859375,160.32699584960938,90.22000122070312,4354.89990234375,100.08999633789062
2026-06-05 18:10:00+00:00,60631.75,1558.969970703125,160.32200622558594,90.19000244140625,4355.2998046875,100.09500122070312
2026-06-05 18:11:00+00:00,60651.78125,1558.9100341796875,160.322998046875,90.25,4354.5,100.0999984741211
2026-06-05 18:12:00+00:00,60640.30078125,1559.1300048828125,160.32400512695312,90.19000244140625,4353.2001953125,100.09400177001953
2026-06-05 18:13:00+00:00,60681.98828125,1559.18994140625,160.31199645996094,90.22000122070312,4353.7998046875,100.08499908447266
2026-06-05 18:14:00+00:00,60560.421875,1559.22998046875,160.30099487304688,90.2300033569336,4347.5,100.09100341796875
2026-06-05 18:15:00+00:00,60519.69921875,1559.449951171875,160.2969970703125,90.33000183105469,4347.39990234375,100.09500122070312
2026-06-05 18:16:00+00:00,60540.0,1559.52001953125,160.27999877929688,90.26000213623047,4348.39990234375,100.08399963378906
2026-06-05 18:17:00+00:00,60527.7109375,1559.3699951171875,160.2969970703125,90.30999755859375,4349.7998046875,100.08399963378906
2026-06-05 18:18:00+00:00,60446.96875,1558.949951171875,160.28500366210938,90.29000091552734,4349.10009765625,100.08799743652344
2026-06-05 18:19:00+00:00,60378.44921875,1559.25,160.26300048828125,90.2699966430664,4350.60009765625,100.0719985961914
2026-06-05 18:20:00+00:00,60448.01171875,1558.780029296875,160.25900268554688,90.05000305175781,4353.10009765625,100.06300354003906
2026-06-05 18:21:00+00:00,60381.87890625,1558.5400390625,160.25,90.0199966430664,4352.2998046875,100.06199645996094
2026-06-05 18:22:00+00:00,60335.94140625,1559.1600341796875,160.24600219726562,90.06999969482422,4352.7001953125,100.06300354003906
2026-06-05 18:23:00+00:00,60298.0,1558.5999755859375,160.218994140625,90.16999816894531,4352.2998046875,100.06199645996094
2026-06-05 18:24:00+00:00,60264.08984375,1558.4100341796875,160.20899963378906,90.20999908447266,4351.89990234375,100.05999755859375
2026-06-05 18:25:00+00:00,60281.75,1559.1099853515625,160.2209930419922,90.29000091552734,4350.2001953125,100.06500244140625
2026-06-05 18:26:00+00:00,60164.48046875,1559.9000244140625,160.1959991455078,90.29000091552734,4347.89990234375,100.06300354003906
2026-06-05 18:27:00+00:00,60176.859375,1559.9100341796875,160.22999572753906,90.4000015258789,4349.7998046875,100.06700134277344
2026-06-05 18:28:00+00:00,60148.05859375,1560.0799560546875,160.2259979248047,90.62999725341797,4350.2001953125,100.07499694824219
2026-06-05 18:29:00+00:00,60102.3203125,1560.050048828125,160.23599243164062,90.56999969482422,4350.2001953125,100.07499694824219
2026-06-05 18:30:00+00:00,60047.19140625,1559.800048828125,160.21800231933594,90.61000061035156,4348.89990234375,100.0719985961914
2026-06-05 18:31:00+00:00,60169.359375,1559.510009765625,160.2169952392578,90.55999755859375,4349.0,100.06999969482422
2026-06-05 18:32:00+00:00,60103.8984375,1559.81005859375,160.21800231933594,90.58999633789062,4344.39990234375,100.0719985961914
2026-06-05 18:33:00+00:00,60160.3984375,1559.5,160.20700073242188,90.47000122070312,4346.89990234375,100.06199645996094
2026-06-05 18:34:00+00:00,60191.62109375,1558.5899658203125,160.20599365234375,90.51000213623047,4349.5,100.05999755859375
2026-06-05 18:35:00+00:00,60117.8984375,1559.1199951171875,160.21299743652344,90.4800033569336,4347.7998046875,100.06099700927734
2026-06-05 18:36:00+00:00,60037.6015625,1558.6099853515625,160.16600036621094,90.47000122070312,4349.89990234375,100.04499816894531
2026-06-05 18:37:00+00:00,60081.01953125,1558.77001953125,160.1219940185547,90.58999633789062,4348.0,100.03700256347656
2026-06-05 18:38:00+00:00,60032.3515625,1558.5999755859375,160.08999633789062,90.61000061035156,4344.39990234375,100.04499816894531
2026-06-05 18:39:00+00:00,60243.390625,1559.260009765625,160.1479949951172,90.56999969482422,4344.89990234375,100.05599975585938
2026-06-05 18:40:00+00:00,60226.859375,1559.510009765625,160.15499877929688,90.55000305175781,4344.0,100.05799865722656
2026-06-05 18:41:00+00:00,60052.69921875,1559.469970703125,160.16700744628906,90.58000183105469,4342.89990234375,100.06400299072266
2026-06-05 18:42:00+00:00,59951.98828125,1559.780029296875,160.17599487304688,90.63999938964844,4342.7998046875,100.06500244140625
2026-06-05 18:43:00+00:00,59851.96875,1558.3699951171875,160.16299438476562,90.63999938964844,4340.39990234375,100.06999969482422
2026-06-05 18:44:00+00:00,59891.98828125,1559.77001953125,160.16700744628906,90.66999816894531,4343.0,100.06999969482422
2026-06-05 18:45:00+00:00,59767.5390625,1559.530029296875,160.156005859375,90.66000366210938,4341.2001953125,100.07099914550781
2026-06-05 18:46:00+00:00,59689.7109375,1559.3199462890625,160.13800048828125,90.62000274658203,4341.60009765625,100.07499694824219
2026-06-05 18:47:00+00:00,59730.0,1559.6300048828125,160.1199951171875,90.55999755859375,4343.2998046875,100.06900024414062
2026-06-05 18:48:00+00:00,59636.01171875,1559.3900146484375,160.1300048828125,90.55000305175781,4343.10009765625,100.06900024414062
2026-06-05 18:49:00+00:00,59721.1484375,1559.0,160.1269989013672,90.5,4346.39990234375,100.05000305175781
2026-06-05 18:50:00+00:00,59726.01171875,1558.9599609375,160.1300048828125,90.54000091552734,4343.2001953125,100.05799865722656
2026-06-05 18:51:00+00:00,59523.1015625,1558.9200439453125,160.1300048828125,90.55999755859375,4342.5,100.05999755859375
2026-06-05 18:52:00+00:00,59286.421875,1559.0699462890625,160.13499450683594,90.5199966430664,4342.7998046875,100.05699920654297
2026-06-05 18:53:00+00:00,59231.98828125,1559.27001953125,160.1219940185547,90.5199966430664,4341.89990234375,100.05400085449219
2026-06-05 18:54:00+00:00,59160.0,1559.260009765625,160.13800048828125,90.54000091552734,4345.10009765625,100.0530014038086
2026-06-05 18:55:00+00:00,59346.94140625,1559.43994140625,160.156005859375,90.58000183105469,4344.7001953125,100.05899810791016
2026-06-05 18:56:00+00:00,59582.05859375,1558.93994140625,160.13099670410156,90.3499984741211,4348.7998046875,100.04499816894531
2026-06-05 18:57:00+00:00,59454.1015625,1558.5799560546875,160.16200256347656,90.36000061035156,4347.2998046875,100.06500244140625
2026-06-05 18:58:00+00:00,59303.75,1558.6600341796875,160.1540069580078,90.33000183105469,4348.39990234375,100.06800079345703
2026-06-05 18:59:00+00:00,59337.78125,1559.4200439453125,160.1580047607422,90.30000305175781,4346.7001953125,100.06900024414062
2026-06-05 19:00:00+00:00,59221.98828125,1558.6500244140625,160.13299560546875,90.36000061035156,4342.89990234375,100.06999969482422
2026-06-05 19:01:00+00:00,59263.921875,1559.3699951171875,160.13400268554688,90.30999755859375,4343.5,100.07099914550781
2026-06-05 19:02:00+00:00,59467.26953125,1560.1199951171875,160.13800048828125,90.16999816894531,4343.7001953125,100.06400299072266
2026-06-05 19:03:00+00:00,59503.05859375,1559.5799560546875,160.13699340820312,90.16000366210938,4345.7001953125,100.05999755859375
2026-06-05 19:04:00+00:00,59339.03125,1559.72998046875,160.14300537109375,90.12999725341797,4344.60009765625,100.0739974975586
2026-06-05 19:05:00+00:00,59411.98046875,1559.77001953125,160.1300048828125,90.11000061035156,4344.2998046875,100.07599639892578
2026-06-05 19:06:00+00:00,59305.98828125,1558.5699462890625,160.1439971923828,90.08999633789062,4344.60009765625,100.08000183105469
2026-06-05 19:07:00+00:00,59232.98828125,1559.68994140625,160.156005859375,90.08999633789062,4342.89990234375,100.08599853515625
2026-06-05 19:08:00+00:00,59251.8515625,1559.8599853515625,160.16700744628906,90.16999816894531,4341.0,100.09500122070312
2026-06-05 19:09:00+00:00,59344.4296875,1558.6099853515625,160.16299438476562,90.08999633789062,4344.10009765625,100.08100128173828
2026-06-05 19:10:00+00:00,59406.96875,1558.6700439453125,160.16200256347656,90.08999633789062,4343.0,100.08100128173828
2026-06-05 19:11:00+00:00,59327.0,1558.449951171875,160.1739959716797,90.05999755859375,4342.10009765625,100.08899688720703
2026-06-05 19:12:00+00:00,59250.66015625,1559.1700439453125,160.18299865722656,90.08000183105469,4341.2001953125,100.09200286865234
2026-06-05 19:13:00+00:00,59295.03125,1559.3399658203125,160.1750030517578,90.05999755859375,4340.7998046875,100.08799743652344
2026-06-05 19:14:00+00:00,59358.01171875,1558.6800537109375,160.16900634765625,90.12999725341797,4339.7998046875,100.08999633789062
2026-06-05 19:15:00+00:00,59256.78125,1559.510009765625,160.1790008544922,90.23999786376953,4340.0,100.09600067138672
2026-06-05 19:16:00+00:00,59317.94921875,1558.530029296875,160.1699981689453,90.22000122070312,4339.89990234375,100.09600067138672
2026-06-05 19:17:00+00:00,59095.41015625,1558.5,160.1699981689453,90.2300033569336,4338.60009765625,100.09700012207031
2026-06-05 19:18:00+00:00,59249.48828125,1558.8299560546875,160.17599487304688,90.20999908447266,4342.39990234375,100.09500122070312
2026-06-05 19:19:00+00:00,59186.37890625,1558.6700439453125,160.1719970703125,90.2300033569336,4342.89990234375,100.09700012207031
2026-06-05 19:20:00+00:00,59380.0,1558.5400390625,160.177001953125,90.20999908447266,4345.2998046875,100.09400177001953
2026-06-05 19:21:00+00:00,59436.62890625,1558.510009765625,160.1699981689453,90.1500015258789,4342.7001953125,100.09700012207031
2026-06-05 19:22:00+00:00,59441.96875,1559.1600341796875,160.16400146484375,90.13999938964844,4342.60009765625,100.09200286865234
2026-06-05 19:23:00+00:00,59480.0,1559.219970703125,160.1649932861328,90.16000366210938,4340.2001953125,100.09100341796875
2026-06-05 19:24:00+00:00,59545.16015625,1559.2099609375,160.15699768066406,90.19000244140625,4343.5,100.08399963378906
2026-06-05 19:25:00+00:00,59628.171875,1558.6700439453125,160.1739959716797,90.16000366210938,4346.2001953125,100.0739974975586
2026-06-05 19:26:00+00:00,59654.01171875,1558.4200439453125,160.17599487304688,90.19000244140625,4344.89990234375,100.0790023803711
2026-06-05 19:27:00+00:00,59806.0390625,1558.5999755859375,160.1719970703125,90.12000274658203,4348.10009765625,100.0780029296875
2026-06-05 19:28:00+00:00,59797.921875,1558.8299560546875,160.1719970703125,90.16000366210938,4346.89990234375,100.07499694824219
2026-06-05 19:29:00+00:00,59826.30078125,1558.9599609375,160.18600463867188,90.1500015258789,4348.60009765625,100.0770034790039
2026-06-05 19:30:00+00:00,59729.5703125,1558.43994140625,160.19400024414062,90.13999938964844,4347.0,100.0790023803711
2026-06-05 19:31:00+00:00,59560.2109375,1558.3599853515625,160.1840057373047,90.12000274658203,4346.89990234375,100.08100128173828
2026-06-05 19:32:00+00:00,59487.98828125,1559.0,160.19200134277344,90.1500015258789,4346.0,100.08699798583984
2026-06-05 19:33:00+00:00,59572.390625,1558.4100341796875,160.1840057373047,90.16999816894531,4346.7001953125,100.08499908447266
2026-06-05 19:34:00+00:00,59663.1015625,1558.6099853515625,160.1909942626953,90.19999694824219,4347.5,100.08300018310547
2026-06-05 19:35:00+00:00,59713.28125,1558.81005859375,160.1820068359375,90.20999908447266,4347.7001953125,100.08100128173828
2026-06-05 19:36:00+00:00,59645.0,1558.72998046875,160.18800354003906,90.26000213623047,4346.2998046875,100.08499908447266
2026-06-05 19:37:00+00:00,59723.51953125,1558.56005859375,160.18699645996094,90.2699966430664,4347.89990234375,100.08100128173828
2026-06-05 19:38:00+00:00,59729.921875,1558.1700439453125,160.18699645996094,90.27999877929688,4347.2001953125,100.0770034790039
2026-06-05 19:39:00+00:00,59765.80078125,1558.3900146484375,160.17799377441406,90.29000091552734,4346.7001953125,100.0719985961914
2026-06-05 19:40:00+00:00,59711.37109375,1557.8800048828125,160.18800354003906,90.31999969482422,4342.7001953125,100.07499694824219
2026-06-05 19:41:00+00:00,59602.71875,1557.800048828125,160.1820068359375,90.33000183105469,4339.5,100.08100128173828
2026-06-05 19:42:00+00:00,59617.8203125,1557.780029296875,160.1840057373047,90.33999633789062,4340.7001953125,100.07499694824219
2026-06-05 19:43:00+00:00,59572.75,1557.719970703125,160.1820068359375,90.31999969482422,4341.2998046875,100.0770034790039
2026-06-05 19:44:00+00:00,59704.0,1557.6400146484375,160.16600036621094,90.31999969482422,4343.10009765625,100.06099700927734
2026-06-05 19:45:00+00:00,59862.9609375,1557.8800048828125,160.1909942626953,90.31999969482422,4344.89990234375,100.05899810791016
2026-06-05 19:46:00+00:00,60162.26953125,1557.550048828125,160.2010040283203,90.31999969482422,4345.89990234375,100.05799865722656
2026-06-05 19:47:00+00:00,60282.01171875,1558.0899658203125,160.17999267578125,90.31999969482422,4345.60009765625,100.05599975585938
2026-06-05 19:48:00+00:00,60260.1015625,1558.0899658203125,160.18099975585938,90.37999725341797,4344.60009765625,100.05999755859375
2026-06-05 19:49:00+00:00,60157.921875,1558.0899658203125,160.1840057373047,90.3499984741211,4345.39990234375,100.05500030517578
2026-06-05 19:50:00+00:00,60270.8984375,1557.8199462890625,160.18899536132812,90.37999725341797,4347.10009765625,100.0479965209961
2026-06-05 19:51:00+00:00,60254.03125,1557.5,160.1999969482422,90.33999633789062,4345.5,100.05000305175781
2026-06-05 19:52:00+00:00,60267.12109375,1558.1099853515625,160.20199584960938,90.29000091552734,4344.5,100.04499816894531
2026-06-05 19:53:00+00:00,60122.37890625,1557.81005859375,160.20599365234375,90.3499984741211,4343.10009765625,100.04499816894531
2026-06-05 19:54:00+00:00,60182.37109375,1557.969970703125,160.20399475097656,90.33000183105469,4343.2001953125,100.0459976196289
2026-06-05 19:55:00+00:00,60169.46875,1558.0400390625,160.18499755859375,90.26000213623047,4344.60009765625,100.04299926757812
2026-06-05 19:56:00+00:00,60194.6484375,1558.52001953125,160.1820068359375,90.23999786376953,4343.2001953125,100.04499816894531
2026-06-05 19:57:00+00:00,60179.44140625,1558.4200439453125,160.18299865722656,90.26000213623047,4343.89990234375,100.0510025024414
2026-06-05 19:58:00+00:00,60297.98828125,1558.3299560546875,160.18099975585938,90.29000091552734,4342.39990234375,100.0530014038086
2026-06-05 19:59:00+00:00,60265.01953125,1558.8900146484375,160.17100524902344,90.23999786376953,4343.5,100.0530014038086
2026-06-05 20:00:00+00:00,60384.01171875,1558.6800537109375,160.1719970703125,90.25,4340.5,100.052001953125
2026-06-05 20:01:00+00:00,60210.55859375,1558.3299560546875,160.1840057373047,90.2699966430664,4340.0,100.05500030517578
2026-06-05 20:02:00+00:00,60167.9609375,1558.550048828125,160.1999969482422,90.29000091552734,4338.5,100.06099700927734
2026-06-05 20:03:00+00:00,60012.75,1558.3699951171875,160.1999969482422,90.22000122070312,4337.60009765625,100.06600189208984
2026-06-05 20:04:00+00:00,60003.62890625,1558.4100341796875,160.197998046875,90.23999786376953,4338.39990234375,100.06500244140625
2026-06-05 20:05:00+00:00,59926.01171875,1558.510009765625,160.1999969482422,90.23999786376953,4337.89990234375,100.072998046875
2026-06-05 20:06:00+00:00,60125.19140625,1558.699951171875,160.20199584960938,90.25,4338.39990234375,100.08699798583984
2026-06-05 20:07:00+00:00,60248.98828125,1559.050048828125,160.22300720214844,90.27999877929688,4338.60009765625,100.09500122070312
2026-06-05 20:08:00+00:00,60605.2109375,1559.1700439453125,160.22999572753906,90.33999633789062,4338.2998046875,100.0999984741211
2026-06-05 20:09:00+00:00,60854.0,1559.0699462890625,160.218994140625,90.33000183105469,4338.89990234375,100.0989990234375
2026-06-05 20:10:00+00:00,60742.01171875,1558.9300537109375,160.2050018310547,90.38999938964844,4338.60009765625,100.09700012207031
2026-06-05 20:11:00+00:00,60688.23046875,1558.739990234375,160.2259979248047,90.41000366210938,4337.7001953125,100.10299682617188
2026-06-05 20:12:00+00:00,60702.21875,1558.8499755859375,160.2310028076172,90.37999725341797,4337.89990234375,100.10299682617188
2026-06-05 20:13:00+00:00,60711.44921875,1558.6099853515625,160.22799682617188,90.37000274658203,4340.60009765625,100.10600280761719
2026-06-05 20:14:00+00:00,60795.98046875,1558.760009765625,160.22900390625,90.38999938964844,4340.39990234375,100.10800170898438
2026-06-05 20:15:00+00:00,61027.01171875,1558.8900146484375,160.23300170898438,90.37000274658203,4339.0,100.10399627685547
2026-06-05 20:16:00+00:00,60743.0,1558.8299560546875,160.2239990234375,90.27999877929688,4338.89990234375,100.0999984741211
2026-06-05 20:17:00+00:00,60781.01171875,1558.5,160.2100067138672,90.2300033569336,4341.39990234375,100.09300231933594
2026-06-05 20:18:00+00:00,60856.01953125,1558.949951171875,160.21800231933594,90.30000305175781,4340.2001953125,100.09200286865234
2026-06-05 20:19:00+00:00,60935.78125,1558.949951171875,160.20799255371094,90.30000305175781,4340.10009765625,100.08200073242188
2026-06-05 20:20:00+00:00,60998.03125,1558.8399658203125,160.20700073242188,90.27999877929688,4339.7001953125,100.07099914550781
2026-06-05 20:21:00+00:00,60840.98046875,1558.97998046875,160.21600341796875,90.25,4342.7001953125,100.06999969482422
2026-06-05 20:22:00+00:00,60846.0,1558.989990234375,160.21400451660156,90.25,4342.89990234375,100.07099914550781
2026-06-05 20:23:00+00:00,60816.0703125,1559.1099853515625,160.21400451660156,90.25,4342.89990234375,100.07099914550781
2026-06-05 20:24:00+00:00,60856.01953125,1558.949951171875,160.20899963378906,90.30000305175781,4344.39990234375,100.06900024414062
2026-06-05 20:25:00+00:00,61005.01171875,1558.72998046875,160.19900512695312,90.30000305175781,4343.89990234375,100.06500244140625
2026-06-05 20:26:00+00:00,60896.328125,1558.5400390625,160.19200134277344,90.31999969482422,4347.2998046875,100.06500244140625
2026-06-05 20:27:00+00:00,60883.7890625,1558.739990234375,160.20599365234375,90.33000183105469,4349.7001953125,100.06099700927734
2026-06-05 20:28:00+00:00,60976.828125,1559.0899658203125,160.2030029296875,90.36000061035156,4348.10009765625,100.06500244140625
2026-06-05 20:29:00+00:00,60908.0,1558.800048828125,160.2030029296875,90.37000274658203,4347.2001953125,100.06300354003906
2026-06-05 20:30:00+00:00,61105.0,1558.43994140625,160.18800354003906,90.31999969482422,4347.5,100.05699920654297
2026-06-05 20:31:00+00:00,61140.37890625,1559.47998046875,160.18600463867188,90.31999969482422,4347.7998046875,100.0530014038086
2026-06-05 20:32:00+00:00,61134.01171875,1559.6099853515625,160.19400024414062,90.30999755859375,4346.89990234375,100.0530014038086
2026-06-05 20:33:00+00:00,61004.0,1559.6400146484375,160.18600463867188,90.31999969482422,4346.7998046875,100.05400085449219
2026-06-05 20:34:00+00:00,61031.33984375,1559.3800048828125,160.1820068359375,90.31999969482422,4347.0,100.0530014038086
2026-06-05 20:35:00+00:00,61134.6796875,1559.5699462890625,160.19500732421875,90.3499984741211,4347.7998046875,100.05599975585938
2026-06-05 20:36:00+00:00,61133.8515625,1559.4100341796875,160.1909942626953,90.31999969482422,4348.39990234375,100.04900360107422
2026-06-05 20:37:00+00:00,61145.98046875,1559.3800048828125,160.1909942626953,90.29000091552734,4349.2998046875,100.06400299072266
2026-06-05 20:38:00+00:00,61168.05078125,1559.5899658203125,160.20199584960938,90.31999969482422,4346.7998046875,100.06800079345703
2026-06-05 20:39:00+00:00,61210.33984375,1559.530029296875,160.20199584960938,90.2699966430664,4347.5,100.07499694824219
2026-06-05 20:40:00+00:00,61177.80078125,1559.56005859375,160.21099853515625,90.2699966430664,4347.39990234375,100.072998046875
2026-06-05 20:41:00+00:00,61174.01171875,1559.56005859375,160.2030029296875,90.25,4347.5,100.06900024414062
2026-06-05 20:42:00+00:00,61172.8984375,1559.27001953125,160.2220001220703,90.23999786376953,4345.7001953125,100.072998046875
2026-06-05 20:43:00+00:00,61228.19921875,1559.43994140625,160.2239990234375,90.27999877929688,4346.7001953125,100.0719985961914
2026-06-05 20:44:00+00:00,61250.0,1559.3399658203125,160.22900390625,90.26000213623047,4349.39990234375,100.06999969482422
2026-06-05 20:45:00+00:00,61282.76953125,1559.3900146484375,160.2239990234375,90.23999786376953,4349.10009765625,100.0719985961914
2026-06-05 20:46:00+00:00,61222.91015625,1559.300048828125,160.24200439453125,90.25,4349.7998046875,100.0719985961914
2026-06-05 20:47:00+00:00,61312.421875,1559.6400146484375,160.22000122070312,90.22000122070312,4352.39990234375,100.06500244140625
2026-06-05 20:48:00+00:00,61349.01171875,1559.72998046875,160.21499633789062,90.27999877929688,4354.5,100.06700134277344
2026-06-05 20:49:00+00:00,61404.0,1559.6600341796875,160.2209930419922,90.26000213623047,4352.10009765625,100.06800079345703
2026-06-05 20:50:00+00:00,61662.76171875,1559.81005859375,160.22500610351562,90.19000244140625,4352.5,100.06700134277344
2026-06-05 20:51:00+00:00,61578.0,1559.6500244140625,160.22300720214844,90.19999694824219,4353.7998046875,100.05400085449219
2026-06-05 20:52:00+00:00,61550.62890625,1559.6300048828125,160.22000122070312,90.19999694824219,4353.7998046875,100.05999755859375
2026-06-05 20:53:00+00:00,61472.109375,1559.56005859375,160.23800659179688,90.19000244140625,4353.10009765625,100.07099914550781
2026-06-05 20:54:00+00:00,61490.21875,1560.0,160.25399780273438,90.25,4352.60009765625,100.07099914550781
2026-06-05 20:55:00+00:00,61547.66015625,1559.489990234375,160.2449951171875,90.19999694824219,4355.0,100.07099914550781
2026-06-05 20:56:00+00:00,61621.0,1559.56005859375,160.28700256347656,90.19000244140625,4352.7998046875,100.08999633789062
2026-06-05 20:57:00+00:00,61613.87890625,1559.3299560546875,160.31300354003906,90.19999694824219,4353.60009765625,100.09700012207031
2026-06-05 20:58:00+00:00,61646.4296875,1559.3900146484375,160.31199645996094,90.22000122070312,4352.89990234375,100.06900024414062
2026-06-05 20:59:00+00:00,61627.01171875,1558.8399658203125,160.29299926757812,90.54000091552734,4365.2998046875,100.07099914550781
2026-06-05 21:00:00+00:00,61562.0,1558.8399658203125,160.29318111198992,90.57676148750413,4364.957553917254,100.07222872874776
2026-06-05 21:01:00+00:00,61562.69921875,1558.8399658203125,160.29336295640172,90.61352205948091,4364.615303147007,100.07345831198771
2026-06-05 21:02:00+00:00,61659.7109375,1558.8399658203125,160.29354480081352,90.65028263145769,4364.2730523767605,100.07468789522765
2026-06-05 21:03:00+00:00,61803.5,1558.8399658203125,160.29372664522535,90.68704320343447,4363.930801606514,100.0759174784676
2026-06-05 21:04:00+00:00,61800.0,1558.8399658203125,160.29390848963715,90.72380377541126,4363.588550836268,100.07714706170755
2026-06-05 21:05:00+00:00,61819.98828125,1558.8399658203125,160.29409033404895,90.76056434738804,4363.246300066021,100.0783766449475
2026-06-05 21:06:00+00:00,61734.80078125,1558.8399658203125,160.29427217846074,90.79732491936483,4362.904049295775,100.07960622818743
2026-06-05 21:07:00+00:00,61792.2109375,1558.8399658203125,160.29445402287254,90.83408549134161,4362.5617985255285,100.08083581142738
2026-06-05 21:08:00+00:00,61791.87109375,1558.8399658203125,160.29463586728434,90.87084606331838,4362.219547755281,100.08206539466732
2026-06-05 21:09:00+00:00,61789.5703125,1558.8399658203125,160.29481771169614,90.90760663529517,4361.877296985035,100.08329497790727
2026-06-05 21:10:00+00:00,61752.9609375,1558.8399658203125,160.29499955610797,90.94436720727195,4361.535046214789,100.08452456114722
2026-06-05 21:11:00+00:00,61719.171875,1558.8399658203125,160.29518140051977,90.98112777924874,4361.192795444542,100.08575414438717
2026-06-05 21:12:00+00:00,61765.05078125,1558.8399658203125,160.29536324493156,91.01788835122552,4360.850544674296,100.08698372762711
2026-06-05 21:13:00+00:00,61788.0,1558.8399658203125,160.29554508934336,91.0546489232023,4360.508293904049,100.08821331086706
2026-06-05 21:14:00+00:00,61834.48828125,1558.8399658203125,160.29572693375516,91.09140949517908,4360.166043133803,100.08944289410701
2026-06-05 21:15:00+00:00,61909.55078125,1558.8399658203125,160.29590877816696,91.12817006715586,4359.823792363556,100.09067247734696
2026-06-05 21:16:00+00:00,61684.0,1558.8399658203125,160.29609062257876,91.16493063913265,4359.48154159331,100.0919020605869
2026-06-05 21:17:00+00:00,61771.78125,1558.8399658203125,160.2962724669906,91.20169121110943,4359.139290823064,100.09313164382685
2026-06-05 21:18:00+00:00,61770.0,1558.8399658203125,160.29645431140239,91.23845178308622,4358.797040052817,100.09436122706678
2026-06-05 21:19:00+00:00,61725.4296875,1558.8399658203125,160.29663615581418,91.27521235506299,4358.45478928257,100.09559081030673
2026-06-05 21:20:00+00:00,61684.609375,1558.8399658203125,160.29681800022598,91.31197292703978,4358.112538512324,100.09682039354668
2026-06-05 21:21:00+00:00,61653.30859375,1558.8399658203125,160.29699984463778,91.34873349901656,4357.770287742077,100.09804997678663
2026-06-05 21:22:00+00:00,61649.37109375,1558.8399658203125,160.29718168904958,91.38549407099335,4357.428036971831,100.09927956002657
2026-06-05 21:23:00+00:00,61589.73046875,1558.8399658203125,160.29736353346138,91.42225464297013,4357.085786201585,100.10050914326652
2026-06-05 21:24:00+00:00,61552.05859375,1558.8399658203125,160.2975453778732,91.4590152149469,4356.743535431338,100.10173872650647
2026-06-05 21:25:00+00:00,61637.12109375,1558.8399658203125,160.297727222285,91.49577578692369,4356.401284661091,100.10296830974642
2026-06-05 21:26:00+00:00,61583.69921875,1558.8399658203125,160.2979090666968,91.53253635890047,4356.059033890845,100.10419789298636
2026-06-05 21:27:00+00:00,61566.9296875,1558.8399658203125,160.2980909111086,91.56929693087726,4355.716783120599,100.10542747622631
2026-06-05 21:28:00+00:00,61536.640625,1558.8399658203125,160.2982727555204,91.60605750285404,4355.374532350352,100.10665705946626
2026-06-05 21:29:00+00:00,61549.62109375,1558.8399658203125,160.2984545999322,91.64281807483081,4355.0322815801055,100.1078866427062
2026-06-05 21:30:00+00:00,61478.1484375,1558.8399658203125,160.298636444344,91.6795786468076,4354.690030809859,100.10911622594614
2026-06-05 21:31:00+00:00,61460.640625,1558.8399658203125,160.2988182887558,91.71633921878438,4354.347780039613,100.11034580918609
2026-06-05 21:32:00+00:00,61490.12890625,1558.8399658203125,160.29900013316762,91.75309979076117,4354.005529269366,100.11157539242603
2026-06-05 21:33:00+00:00,61534.05859375,1558.8399658203125,160.29918197757942,91.78986036273795,4353.66327849912,100.11280497566598
2026-06-05 21:34:00+00:00,61473.80078125,1558.8399658203125,160.29936382199122,91.82662093471474,4353.321027728874,100.11403455890593
2026-06-05 21:35:00+00:00,61588.5,1558.80256882759,160.29954566640302,91.86338150669151,4352.978776958626,100.11526414214588
2026-06-05 21:36:00+00:00,61712.1015625,1558.7651718348673,160.29972751081482,91.9001420786683,4352.63652618838,100.11649372538582
2026-06-05 21:37:00+00:00,61711.91015625,1558.7277748421448,160.29990935522662,91.93690265064508,4352.294275418134,100.11772330862577
2026-06-05 21:38:00+00:00,61736.390625,1558.690377849422,160.30009119963842,91.97366322262187,4351.952024647887,100.11895289186572
2026-06-05 21:39:00+00:00,61806.37890625,1558.6529808566995,160.30027304405024,92.01042379459865,4351.609773877641,100.12018247510566
2026-06-05 21:40:00+00:00,61768.01171875,1558.6155838639768,160.30045488846204,92.04718436657544,4351.2675231073945,100.12141205834561
2026-06-05 21:41:00+00:00,61864.69921875,1558.5781868712543,160.30063673287384,92.08394493855221,4350.925272337148,100.12264164158556
2026-06-05 21:42:00+00:00,61891.19140625,1558.5407898785318,160.30081857728564,92.12070551052899,4350.583021566901,100.12387122482549
2026-06-05 21:43:00+00:00,61863.390625,1558.503392885809,160.30100042169744,92.15746608250578,4350.240770796655,100.12510080806544
2026-06-05 21:44:00+00:00,61844.828125,1558.4659958930865,160.30118226610924,92.19422665448256,4349.898520026409,100.12633039130539
2026-06-05 21:45:00+00:00,61817.1015625,1558.4285989003638,160.30136411052104,92.23098722645935,4349.556269256162,100.12755997454533
2026-06-05 21:46:00+00:00,61762.0390625,1558.3912019076413,160.30154595493286,92.26774779843612,4349.214018485915,100.12878955778528
2026-06-05 21:47:00+00:00,61799.96875,1558.3538049149186,160.30172779934466,92.3045083704129,4348.871767715669,100.13001914102523
2026-06-05 21:48:00+00:00,61826.2890625,1558.316407922196,160.30190964375646,92.34126894238969,4348.529516945423,100.13124872426518
2026-06-05 21:49:00+00:00,61763.9296875,1558.2790109294735,160.30209148816826,92.37802951436647,4348.187266175176,100.13247830750512
2026-06-05 21:50:00+00:00,61753.83984375,1558.2416139367508,160.30227333258006,92.41479008634326,4347.84501540493,100.13370789074507
2026-06-05 21:51:00+00:00,61759.94921875,1558.2042169440283,160.30245517699186,92.45155065832003,4347.502764634683,100.13493747398502
2026-06-05 21:52:00+00:00,61765.9609375,1558.1668199513056,160.30263702140365,92.48831123029682,4347.160513864436,100.13616705722497
2026-06-05 21:53:00+00:00,61677.9296875,1558.129422958583,160.30281886581548,92.5250718022736,4346.81826309419,100.13739664046491
2026-06-05 21:54:00+00:00,61707.6484375,1558.0920259658606,160.30300071022728,92.56183237425039,4346.476012323944,100.13862622370485
2026-06-05 21:55:00+00:00,61699.76171875,1558.0546289731378,160.30318255463908,92.59859294622717,4346.133761553697,100.1398558069448
2026-06-05 21:56:00+00:00,61654.12890625,1558.0172319804153,160.30336439905088,92.63535351820396,4345.791510783451,100.14108539018474
2026-06-05 21:57:00+00:00,61620.109375,1557.9798349876926,160.30354624346268,92.67211409018073,4345.449260013204,100.14231497342469
2026-06-05 21:58:00+00:00,61608.48828125,1557.94243799497,160.30372808787448,92.70887466215751,4345.107009242958,100.14354455666464
2026-06-05 21:59:00+00:00,61656.0,1557.9050410022473,160.30390993228627,92.7456352341343,4344.764758472711,100.14477413990458
2026-06-07 22:00:00+00:00,61774.0,1557.8676440095248,160.3040917766981,92.78239580611108,4344.422507702465,100.14600372314453
2026-06-07 22:01:00+00:00,61726.71875,1557.8302470168023,160.3042736211099,92.81915637808787,4344.080256932219,100.15399932861328
2026-06-07 22:02:00+00:00,61828.171875,1557.7928500240796,160.3044554655217,92.85591695006464,4343.7380061619715,100.16200256347656
2026-06-07 22:03:00+00:00,61820.0,1557.755453031357,160.3046373099335,92.89267752204142,4343.395755391725,100.16000366210938
2026-06-07 22:04:00+00:00,61782.01171875,1557.7180560386344,160.3048191543453,92.92943809401821,4343.053504621479,100.14900207519531
2026-06-07 22:05:00+00:00,61780.0,1557.6806590459119,160.3050009987571,92.966198665995,4342.711253851232,100.15899658203125
2026-06-07 22:06:00+00:00,61744.01171875,1557.6432620531891,160.3051828431689,93.00295923797178,4342.369003080986,100.15899658203125
2026-06-07 22:07:00+00:00,61834.359375,1557.6058650604666,160.30536468758072,93.03971980994856,4342.0267523107395,100.16000366210938
2026-06-07 22:08:00+00:00,61838.0,1557.568468067744,160.30554653199252,93.07648038192534,4341.684501540493,100.1729965209961
2026-06-07 22:09:00+00:00,61852.359375,1557.5310710750214,160.30572837640432,93.11324095390212,4341.342250770246,100.1709976196289
2026-06-07 22:10:00+00:00,61877.94140625,1557.4936740822989,160.30591022081612,93.1500015258789,4341.0,100.16799926757812
2026-06-07 22:11:00+00:00,61976.109375,1557.4562770895761,160.30609206522792,93.12999725341797,4340.10009765625,100.16899871826172
2026-06-07 22:12:00+00:00,62167.421875,1557.4188800968536,160.3062739096397,93.12000274658203,4345.0,100.14800262451172
2026-06-07 22:13:00+00:00,62566.5,1557.381483104131,160.3064557540515,93.05000305175781,4349.89990234375,100.13400268554688
2026-06-07 22:14:00+00:00,63576.0703125,1557.3440861114084,160.30663759846334,92.83999633789062,4354.0,100.11799621582031
2026-06-07 22:15:00+00:00,63645.46875,1557.3066891186859,160.30681944287514,93.0,4350.5,100.11499786376953
2026-06-07 22:16:00+00:00,63441.21875,1557.2692921259631,160.30700128728694,93.0199966430664,4350.89990234375,100.10800170898438
2026-06-07 22:17:00+00:00,63429.44140625,1557.2318951332406,160.30718313169874,92.91000366210938,4353.10009765625,100.10800170898438
2026-06-07 22:18:00+00:00,63309.05859375,1557.194498140518,160.30736497611053,92.94000244140625,4352.5,100.11399841308594
2026-06-07 22:19:00+00:00,63154.0,1557.1571011477954,160.30754682052233,92.83999633789062,4351.0,100.11499786376953
2026-06-07 22:20:00+00:00,63118.328125,1557.1197041550727,160.30772866493413,92.8499984741211,4352.2001953125,100.11499786376953
2026-06-07 22:21:00+00:00,63122.73046875,1557.0823071623502,160.30791050934596,92.76000213623047,4349.0,100.11100006103516
2026-06-07 22:22:00+00:00,62969.140625,1557.0449101696277,160.30809235375776,92.8499984741211,4349.89990234375,100.11000061035156
2026-06-07 22:23:00+00:00,62972.44921875,1557.007513176905,160.30827419816956,92.7300033569336,4350.0,100.10700225830078
2026-06-07 22:24:00+00:00,62925.51171875,1556.9701161841824,160.30845604258135,92.76000213623047,4346.10009765625,100.11399841308594
2026-06-07 22:25:00+00:00,62896.76171875,1556.9327191914597,160.30863788699315,92.81999969482422,4347.39990234375,100.11900329589844
2026-06-07 22:26:00+00:00,63018.69921875,1556.8953221987372,160.30881973140495,92.79000091552734,4340.2998046875,100.12699890136719
2026-06-07 22:27:00+00:00,63049.98046875,1556.8579252060144,160.30900157581675,92.95999908447266,4343.5,100.13899993896484
2026-06-07 22:28:00+00:00,62893.19140625,1556.820528213292,160.30918342022858,92.94000244140625,4341.5,100.13899993896484
2026-06-07 22:29:00+00:00,62963.01171875,1556.7831312205694,160.30936526464038,92.95999908447266,4340.39990234375,100.14099884033203
2026-06-07 22:30:00+00:00,62912.71875,1556.7457342278467,160.30954710905218,93.0199966430664,4339.10009765625,100.14099884033203
2026-06-07 22:31:00+00:00,62891.0,1556.7083372351242,160.30972895346397,93.05000305175781,4343.5,100.13600158691406
2026-06-07 22:32:00+00:00,62776.0,1556.6709402424015,160.30991079787577,93.16999816894531,4341.7001953125,100.14399719238281
2026-06-07 22:33:00+00:00,62822.19921875,1556.633543249679,160.31009264228757,93.05000305175781,4342.7998046875,100.15399932861328
2026-06-07 22:34:00+00:00,63009.98828125,1556.5961462569564,160.31027448669937,92.88999938964844,4347.0,100.1500015258789
2026-06-07 22:35:00+00:00,63066.80859375,1556.5587492642337,160.31045633111117,92.91000366210938,4348.7001953125,100.14199829101562
2026-06-07 22:36:00+00:00,63242.0,1556.5213522715112,160.310638175523,92.87000274658203,4351.0,100.13500213623047
2026-06-07 22:37:00+00:00,63350.0,1556.4839552787885,160.3108200199348,92.81999969482422,4350.89990234375,100.12799835205078
2026-06-07 22:38:00+00:00,63236.01171875,1556.446558286066,160.3110018643466,92.94000244140625,4352.2001953125,100.12899780273438
2026-06-07 22:39:00+00:00,63007.05859375,1556.4091612933432,160.3111837087584,92.93000030517578,4349.60009765625,100.13300323486328
2026-06-07 22:40:00+00:00,63110.0,1556.3717643006207,160.3113655531702,92.88999938964844,4350.10009765625,100.13200378417969
2026-06-07 22:41:00+00:00,63031.1484375,1556.3343673078982,160.311547397582,92.9000015258789,4349.5,100.13200378417969
2026-06-07 22:42:00+00:00,63087.30078125,1556.2969703151755,160.3117292419938,93.05000305175781,4349.2001953125,100.14600372314453
2026-06-07 22:43:00+00:00,63086.109375,1556.259573322453,160.31191108640562,93.01000213623047,4350.0,100.14600372314453
2026-06-07 22:44:00+00:00,63123.01171875,1556.2221763297302,160.3120929308174,92.95999908447266,4350.10009765625,100.14299774169922
2026-06-07 22:45:00+00:00,63162.0,1556.1847793370077,160.3122747752292,92.91999816894531,4346.2998046875,100.1510009765625
2026-06-07 22:46:00+00:00,63257.6796875,1556.147382344285,160.312456619641,92.86000061035156,4345.7001953125,100.13700103759766
2026-06-07 22:47:00+00:00,63128.73046875,1556.1099853515625,160.3126384640528,92.80999755859375,4346.7998046875,100.13700103759766
2026-06-07 22:48:00+00:00,63070.0,1556.07258835884,160.3128203084646,92.68000030517578,4346.39990234375,100.14800262451172
2026-06-07 22:49:00+00:00,63132.1015625,1556.0351913661173,160.3130021528764,92.75,4346.7998046875,100.14900207519531
2026-06-07 22:50:00+00:00,63134.55859375,1555.9977943733948,160.31318399728823,92.68000030517578,4345.10009765625,100.1449966430664
2026-06-07 22:51:00+00:00,63110.19921875,1555.960397380672,160.31336584170003,92.68000030517578,4347.89990234375,100.14399719238281
2026-06-07 22:52:00+00:00,63091.96875,1555.9230003879495,160.31354768611183,92.62000274658203,4349.5,100.14199829101562
2026-06-07 22:53:00+00:00,63102.37109375,1555.8856033952268,160.31372953052363,92.68000030517578,4347.2998046875,100.1449966430664
2026-06-07 22:54:00+00:00,62993.0703125,1555.8482064025043,160.31391137493543,92.66999816894531,4347.0,100.1449966430664
2026-06-07 22:55:00+00:00,62906.98828125,1555.8108094097818,160.31409321934723,92.77999877929688,4344.39990234375,100.15699768066406
2026-06-07 22:56:00+00:00,62873.80078125,1555.773412417059,160.31427506375903,92.83999633789062,4345.2001953125,100.1510009765625
2026-06-07 22:57:00+00:00,62954.7890625,1555.7360154243365,160.31445690817085,92.87999725341797,4343.7998046875,100.1510009765625
2026-06-07 22:58:00+00:00,62878.3203125,1555.6986184316138,160.31463875258265,92.79000091552734,4343.7001953125,100.1510009765625
2026-06-07 22:59:00+00:00,62831.609375,1555.6612214388913,160.31482059699445,92.87000274658203,4341.39990234375,100.15399932861328
2026-06-07 23:00:00+00:00,62929.1015625,1555.6238244461686,160.31500244140625,92.83999633789062,4344.60009765625,100.14399719238281
2026-06-07 23:01:00+00:00,62987.4296875,1555.586427453446,160.322998046875,92.76000213623047,4350.0,100.13800048828125
2026-06-07 23:02:00+00:00,62950.55859375,1555.5490304607235,160.32000732421875,92.79000091552734,4348.39990234375,100.13899993896484
2026-06-07 23:03:00+00:00,62825.359375,1555.5116334680008,160.32200622558594,92.83000183105469,4350.7001953125,100.13700103759766
2026-06-07 23:04:00+00:00,62830.80859375,1555.4742364752783,160.3179931640625,92.88999938964844,4350.0,100.13700103759766
2026-06-07 23:05:00+00:00,62834.73828125,1555.4368394825556,160.3300018310547,92.87000274658203,4347.2001953125,100.14800262451172
2026-06-07 23:06:00+00:00,62797.9296875,1555.399442489833,160.322998046875,92.91000366210938,4347.2001953125,100.13800048828125
2026-06-07 23:07:00+00:00,62843.48046875,1555.3620454971106,160.3179931640625,92.77999877929688,4349.10009765625,100.12899780273438
2026-06-07 23:08:00+00:00,62828.48046875,1555.3246485043878,160.3209991455078,92.83999633789062,4349.2998046875,100.12899780273438
2026-06-07 23:09:00+00:00,62777.62890625,1555.2872515116653,160.2989959716797,92.83000183105469,4349.60009765625,100.12200164794922
2026-06-07 23:10:00+00:00,62839.12890625,1555.2498545189426,160.31900024414062,92.80000305175781,4349.89990234375,100.1240005493164
2026-06-07 23:11:00+00:00,62881.69921875,1555.21245752622,160.30799865722656,92.83000183105469,4353.2998046875,100.12100219726562
2026-06-07 23:12:00+00:00,62874.80859375,1555.1750605334973,160.30999755859375,92.80999755859375,4353.7001953125,100.11900329589844
2026-06-07 23:13:00+00:00,62934.4296875,1555.1376635407748,160.30299377441406,92.80000305175781,4356.7998046875,100.12000274658203
2026-06-07 23:14:00+00:00,62976.05859375,1555.1002665480523,160.302001953125,92.69000244140625,4354.39990234375,100.11799621582031
2026-06-07 23:15:00+00:00,62912.94921875,1555.0628695553296,160.29800415039062,92.58999633789062,4357.5,100.10900115966797
2026-06-07 23:16:00+00:00,62834.94140625,1555.025472562607,160.26800537109375,92.72000122070312,4356.39990234375,100.10199737548828
2026-06-07 23:17:00+00:00,62796.0,1554.9880755698844,160.2480010986328,92.68000030517578,4354.5,100.10399627685547
2026-06-07 23:18:00+00:00,62794.25,1554.9506785771619,160.2469940185547,92.6500015258789,4355.2001953125,100.0999984741211
2026-06-07 23:19:00+00:00,62844.0,1554.9132815844391,160.2530059814453,92.63999938964844,4355.5,100.09500122070312
2026-06-07 23:20:00+00:00,62890.98046875,1554.8758845917166,160.2530059814453,92.66000366210938,4353.7001953125,100.10199737548828
2026-06-07 23:21:00+00:00,62922.1015625,1554.838487598994,160.2519989013672,92.66000366210938,4354.39990234375,100.10600280761719
2026-06-07 23:22:00+00:00,62884.76953125,1554.8010906062714,160.25399780273438,92.69000244140625,4354.60009765625,100.10600280761719
2026-06-07 23:23:00+00:00,62889.21875,1554.7636936135489,160.24899291992188,92.66999816894531,4352.60009765625,100.10600280761719
2026-06-07 23:24:00+00:00,62925.62890625,1554.7262966208261,160.2530059814453,92.58999633789062,4354.2001953125,100.1050033569336
2026-06-07 23:25:00+00:00,63032.01171875,1554.6888996281036,160.25799560546875,92.55999755859375,4353.60009765625,100.11000061035156
2026-06-07 23:26:00+00:00,63154.0,1554.651502635381,160.27099609375,92.58999633789062,4353.0,100.11199951171875
2026-06-07 23:27:00+00:00,63185.30859375,1554.6141056426584,160.25900268554688,92.54000091552734,4354.2001953125,100.10900115966797
2026-06-07 23:28:00+00:00,63216.609375,1554.5767086499359,160.2689971923828,92.54000091552734,4356.10009765625,100.10800170898438
2026-06-07 23:29:00+00:00,63239.98828125,1554.5393116572131,160.26800537109375,92.55999755859375,4358.0,100.11199951171875
2026-06-07 23:30:00+00:00,63277.7109375,1554.5019146644906,160.2740020751953,92.51000213623047,4358.2998046875,100.10600280761719
2026-06-07 23:31:00+00:00,63189.171875,1554.464517671768,160.26499938964844,92.44999694824219,4357.2998046875,100.10099792480469
2026-06-07 23:32:00+00:00,63287.98828125,1554.4271206790454,160.26400756835938,92.4800033569336,4359.7001953125,100.09700012207031
2026-06-07 23:33:00+00:00,63202.19140625,1554.3897236863227,160.2830047607422,92.5999984741211,4358.7998046875,100.0979995727539
2026-06-07 23:34:00+00:00,63197.828125,1554.3523266936002,160.29100036621094,92.66000366210938,4357.5,100.10600280761719
2026-06-07 23:35:00+00:00,63096.7890625,1554.3149297008777,160.28799438476562,92.70999908447266,4357.10009765625,100.11100006103516
2026-06-07 23:36:00+00:00,63126.33984375,1554.277532708155,160.28799438476562,92.66000366210938,4360.0,100.11100006103516
2026-06-07 23:37:00+00:00,63138.359375,1554.2401357154324,160.28700256347656,92.68000030517578,4360.10009765625,100.11199951171875
2026-06-07 23:38:00+00:00,63191.109375,1554.2027387227097,160.28500366210938,92.72000122070312,4360.0,100.10900115966797
2026-06-07 23:39:00+00:00,63182.76953125,1554.1653417299872,160.2899932861328,92.80999755859375,4360.5,100.11000061035156
2026-06-07 23:40:00+00:00,63204.16015625,1554.1279447372644,160.31700134277344,92.76000213623047,4361.5,100.11000061035156
2026-06-07 23:41:00+00:00,63163.140625,1554.090547744542,160.31300354003906,92.83000183105469,4361.5,100.11499786376953
2026-06-07 23:42:00+00:00,63220.55859375,1554.0531507518194,160.30299377441406,92.80000305175781,4362.5,100.11299896240234
2026-06-07 23:43:00+00:00,63276.0703125,1554.0157537590967,160.30799865722656,92.68000030517578,4363.2998046875,100.10199737548828
2026-06-07 23:44:00+00:00,63266.51953125,1553.9783567663742,160.3159942626953,92.72000122070312,4362.2001953125,100.10299682617188
2026-06-07 23:45:00+00:00,63235.98046875,1553.9409597736515,160.31700134277344,92.7300033569336,4361.60009765625,100.10600280761719
2026-06-07 23:46:00+00:00,63267.0703125,1553.903562780929,160.31199645996094,92.69999694824219,4361.10009765625,100.10600280761719
2026-06-07 23:47:00+00:00,63348.4609375,1553.8661657882064,160.31700134277344,92.72000122070312,4363.2998046875,100.0999984741211
2026-06-07 23:48:00+00:00,63379.23046875,1553.8287687954837,160.3159942626953,92.75,4365.2001953125,100.0999984741211
2026-06-07 23:49:00+00:00,63188.44140625,1553.7913718027612,160.2949981689453,92.72000122070312,4365.39990234375,100.08899688720703
2026-06-07 23:50:00+00:00,63199.0390625,1553.7539748100385,160.29600524902344,92.7300033569336,4364.7998046875,100.08999633789062
2026-06-07 23:51:00+00:00,63090.98828125,1553.716577817316,160.29600524902344,92.70999908447266,4362.89990234375,100.08899688720703
2026-06-07 23:52:00+00:00,63116.9296875,1553.6791808245932,160.3000030517578,92.66000366210938,4364.5,100.08499908447266
2026-06-07 23:53:00+00:00,63136.01171875,1553.6417838318707,160.30999755859375,92.69000244140625,4365.10009765625,100.08899688720703
2026-06-07 23:54:00+00:00,63117.16015625,1553.6043868391482,160.31900024414062,92.68000030517578,4366.7998046875,100.08599853515625
2026-06-07 23:55:00+00:00,63183.05859375,1553.5669898464255,160.31399536132812,92.6500015258789,4368.0,100.08000183105469
2026-06-07 23:56:00+00:00,63186.0,1553.529592853703,160.3300018310547,92.70999908447266,4368.39990234375,100.08499908447266
2026-06-07 23:57:00+00:00,63214.578125,1553.4921958609802,160.32899475097656,92.69000244140625,4369.5,100.08200073242188
2026-06-07 23:58:00+00:00,63237.21875,1553.4547988682577,160.3260040283203,92.75,4367.2001953125,100.08599853515625
2026-06-07 23:59:00+00:00,63233.62890625,1553.417401875535,160.3280029296875,92.73999786376953,4367.89990234375,100.08599853515625
2026-06-08 00:00:00+00:00,63230.0390625,1553.3800048828125,160.33599853515625,92.80999755859375,4367.39990234375,100.08899688720703
2026-06-08 00:01:00+00:00,63203.96875,1551.1800537109375,160.29299926757812,92.55999755859375,4369.7998046875,100.06800079345703
2026-06-08 00:02:00+00:00,63171.7109375,1552.280029296875,160.30599975585938,92.58999633789062,4369.39990234375,100.06999969482422
2026-06-08 00:03:00+00:00,63194.0,1552.780029296875,160.27000427246094,92.63999938964844,4367.7998046875,100.06900024414062
2026-06-08 00:04:00+00:00,63275.03125,1553.0899658203125,160.2779998779297,92.55000305175781,4368.89990234375,100.06800079345703
2026-06-08 00:05:00+00:00,63127.8515625,1552.8800048828125,160.2740020751953,92.55999755859375,4367.5,100.06999969482422
2026-06-08 00:06:00+00:00,63200.9609375,1553.47998046875,160.2899932861328,92.63999938964844,4366.7998046875,100.0719985961914
2026-06-08 00:07:00+00:00,63228.23828125,1553.0799560546875,160.28599548339844,92.62999725341797,4365.89990234375,100.06800079345703
2026-06-08 00:08:00+00:00,63191.6484375,1554.3399658203125,160.2790069580078,92.66999816894531,4368.2998046875,100.06400299072266
2026-06-08 00:09:00+00:00,63232.96875,1552.0799560546875,160.2969970703125,92.55000305175781,4368.5,100.06500244140625
2026-06-08 00:10:00+00:00,63125.83984375,1554.3699951171875,160.2830047607422,92.58999633789062,4365.7998046875,100.0739974975586
2026-06-08 00:11:00+00:00,63144.01171875,1552.280029296875,160.3179931640625,92.63999938964844,4366.60009765625,100.0739974975586
2026-06-08 00:12:00+00:00,63218.19921875,1553.280029296875,160.3159942626953,92.6500015258789,4367.60009765625,100.07499694824219
2026-06-08 00:13:00+00:00,63216.609375,1555.5400390625,160.3070068359375,92.6500015258789,4367.2998046875,100.072998046875
2026-06-08 00:14:00+00:00,63202.3203125,1554.1800537109375,160.31300354003906,92.66999816894531,4366.7998046875,100.0780029296875
2026-06-08 00:15:00+00:00,63140.05078125,1552.8800048828125,160.2969970703125,92.68000030517578,4367.60009765625,100.0780029296875
2026-06-08 00:16:00+00:00,63200.41015625,1553.280029296875,160.30599975585938,92.68000030517578,4367.7001953125,100.08300018310547
2026-06-08 00:17:00+00:00,63245.48046875,1555.4200439453125,160.302001953125,92.69000244140625,4368.39990234375,100.08300018310547
2026-06-08 00:18:00+00:00,63207.98828125,1554.0799560546875,160.30499267578125,92.63999938964844,4370.5,100.08200073242188
2026-06-08 00:19:00+00:00,63150.890625,1553.5799560546875,160.28500366210938,92.5999984741211,4371.2001953125,100.08100128173828
2026-06-08 00:20:00+00:00,63203.98828125,1553.3800048828125,160.2830047607422,92.54000091552734,4372.89990234375,100.07599639892578
2026-06-08 00:21:00+00:00,63169.66015625,1553.8800048828125,160.2949981689453,92.52999877929688,4372.0,100.0780029296875
2026-06-08 00:22:00+00:00,63209.66015625,1553.97998046875,160.29800415039062,92.51000213623047,4374.2998046875,100.06800079345703
2026-06-08 00:23:00+00:00,63221.859375,1553.97998046875,160.2899932861328,92.48999786376953,4375.7001953125,100.06500244140625
2026-06-08 00:24:00+00:00,63235.83984375,1554.8299560546875,160.30999755859375,92.48999786376953,4375.0,100.06800079345703
2026-06-08 00:25:00+00:00,63312.01953125,1553.8800048828125,160.30499267578125,92.4800033569336,4373.39990234375,100.06800079345703
2026-06-08 00:26:00+00:00,63372.0,1553.97998046875,160.29299926757812,92.48999786376953,4373.5,100.06600189208984
2026-06-08 00:27:00+00:00,63476.80078125,1553.47998046875,160.28500366210938,92.48999786376953,4374.60009765625,100.07099914550781
2026-06-08 00:28:00+00:00,63441.2109375,1554.280029296875,160.281005859375,92.51000213623047,4377.0,100.06999969482422
2026-06-08 00:29:00+00:00,63472.98046875,1554.47998046875,160.29600524902344,92.54000091552734,4375.2001953125,100.072998046875
2026-06-08 00:30:00+00:00,63567.98828125,1554.5,160.29600524902344,92.62999725341797,4375.7001953125,100.06800079345703
2026-06-08 00:31:00+00:00,63466.0,1554.7099609375,160.29400634765625,92.62000274658203,4375.39990234375,100.06500244140625
2026-06-08 00:32:00+00:00,63416.921875,1554.3800048828125,160.29100036621094,92.55000305175781,4373.89990234375,100.06400299072266
2026-06-08 00:33:00+00:00,63454.01171875,1554.3800048828125,160.3000030517578,92.51000213623047,4371.2001953125,100.05999755859375
2026-06-08 00:34:00+00:00,63412.0,1554.1800537109375,160.30299377441406,92.56999969482422,4372.7998046875,100.05799865722656
2026-06-08 00:35:00+00:00,63475.73046875,1554.0,160.3000030517578,92.55999755859375,4372.7998046875,100.06099700927734
2026-06-08 00:36:00+00:00,63618.0,1552.280029296875,160.29200744628906,92.55000305175781,4374.39990234375,100.052001953125
2026-06-08 00:37:00+00:00,63688.26953125,1552.52001953125,160.3040008544922,92.61000061035156,4374.10009765625,100.05000305175781
2026-06-08 00:38:00+00:00,63660.0,1551.8800048828125,160.3040008544922,92.62000274658203,4370.5,100.04900360107422
2026-06-08 00:39:00+00:00,63772.44921875,1551.8800048828125,160.30799865722656,92.55000305175781,4371.60009765625,100.0479965209961
2026-06-08 00:40:00+00:00,63670.46875,1551.97998046875,160.2989959716797,92.56999969482422,4368.7998046875,100.04299926757812
2026-06-08 00:41:00+00:00,63682.30078125,1550.8800048828125,160.28799438476562,92.58000183105469,4366.60009765625,100.04199981689453
2026-06-08 00:42:00+00:00,63704.87890625,1549.280029296875,160.2729949951172,92.58000183105469,4368.39990234375,100.03900146484375
2026-06-08 00:43:00+00:00,63763.23046875,1549.5799560546875,160.29600524902344,92.58000183105469,4368.2001953125,100.03800201416016
2026-06-08 00:44:00+00:00,63689.23046875,1549.5799560546875,160.28399658203125,92.58000183105469,4369.5,100.03600311279297
2026-06-08 00:45:00+00:00,63620.37890625,1550.6500244140625,160.3040008544922,92.58999633789062,4366.89990234375,100.03800201416016
2026-06-08 00:46:00+00:00,63538.98828125,1549.280029296875,160.25599670410156,92.56999969482422,4367.0,100.02899932861328
2026-06-08 00:47:00+00:00,63551.51953125,1550.1199951171875,160.24099731445312,92.55999755859375,4365.89990234375,100.02300262451172
2026-06-08 00:48:00+00:00,63619.30859375,1549.47998046875,160.2570037841797,92.58000183105469,4364.5,100.02200317382812
2026-06-08 00:49:00+00:00,63706.33984375,1547.8800048828125,160.24200439453125,92.51000213623047,4366.2998046875,100.01899719238281
2026-06-08 00:50:00+00:00,63657.94140625,1547.780029296875,160.2449951171875,92.54000091552734,4364.7998046875,100.02100372314453
2026-06-08 00:51:00+00:00,63726.7890625,1548.25,160.25599670410156,92.52999877929688,4364.10009765625,100.00900268554688
2026-06-08 00:52:00+00:00,63746.421875,1547.280029296875,160.26699829101562,92.52999877929688,4365.0,100.01300048828125
2026-06-08 00:53:00+00:00,63714.19921875,1547.97998046875,160.2830047607422,92.52999877929688,4364.10009765625,100.01499938964844
2026-06-08 00:54:00+00:00,63670.0,1547.97998046875,160.32000732421875,92.52999877929688,4365.2001953125,100.01899719238281
2026-06-08 00:55:00+00:00,63619.7890625,1548.5799560546875,160.3179931640625,92.51000213623047,4364.7001953125,100.01899719238281
2026-06-08 00:56:00+00:00,63564.0390625,1547.780029296875,160.31700134277344,92.48999786376953,4366.7001953125,100.01399993896484
2026-06-08 00:57:00+00:00,63622.0,1547.0799560546875,160.3209991455078,92.45999908447266,4368.2001953125,100.00599670410156
2026-06-08 00:58:00+00:00,63601.58984375,1547.1800537109375,160.31399536132812,92.5,4366.2998046875,100.00900268554688
2026-06-08 00:59:00+00:00,63607.859375,1548.280029296875,160.322998046875,92.41000366210938,4366.0,100.0
2026-06-08 01:00:00+00:00,63570.2890625,1547.97998046875,160.32000732421875,92.44999694824219,4361.10009765625,99.99299621582031
2026-06-08 01:01:00+00:00,63517.08984375,1547.97998046875,160.31199645996094,92.56999969482422,4365.10009765625,100.0
2026-06-08 01:02:00+00:00,63488.05078125,1547.3800048828125,160.3209991455078,92.52999877929688,4363.60009765625,99.99600219726562
2026-06-08 01:03:00+00:00,63400.609375,1547.9200439453125,160.302001953125,92.37999725341797,4364.2001953125,99.99500274658203
2026-06-08 01:04:00+00:00,63341.8203125,1546.3800048828125,160.3090057373047,92.3499984741211,4363.39990234375,99.98999786376953
2026-06-08 01:05:00+00:00,63318.03125,1546.6800537109375,160.31300354003906,92.36000061035156,4359.39990234375,100.0
2026-06-08 01:06:00+00:00,63313.921875,1546.280029296875,160.32200622558594,92.3499984741211,4357.2998046875,99.99600219726562
2026-06-08 01:07:00+00:00,63335.19140625,1547.1500244140625,160.322998046875,92.31999969482422,4358.7998046875,99.9990005493164
2026-06-08 01:08:00+00:00,63313.55859375,1546.81005859375,160.3090057373047,92.36000061035156,4363.39990234375,99.99199676513672
2026-06-08 01:09:00+00:00,63280.0,1547.3800048828125,160.2949981689453,92.55000305175781,4361.0,99.98999786376953
2026-06-08 01:10:00+00:00,63185.828125,1547.280029296875,160.2760009765625,92.7699966430664,4359.2998046875,100.00199890136719
2026-06-08 01:11:00+00:00,63202.01171875,1547.47998046875,160.2830047607422,92.77999877929688,4360.2998046875,100.0009994506836
2026-06-08 01:12:00+00:00,63163.98046875,1548.0799560546875,160.30599975585938,93.02999877929688,4355.7998046875,100.01300048828125
2026-06-08 01:13:00+00:00,63158.16015625,1548.3800048828125,160.2969970703125,92.98999786376953,4357.5,100.00900268554688
2026-06-08 01:14:00+00:00,63034.0,1548.8800048828125,160.30299377441406,93.54000091552734,4351.0,100.01699829101562
2026-06-08 01:15:00+00:00,63000.0,1549.550048828125,160.30299377441406,93.77999877929688,4347.2998046875,100.03600311279297
2026-06-08 01:16:00+00:00,62951.44921875,1549.550048828125,160.3000030517578,93.62999725341797,4345.10009765625,100.03299713134766
2026-06-08 01:17:00+00:00,63026.5,1549.489990234375,160.2830047607422,93.55000305175781,4344.60009765625,100.04000091552734
2026-06-08 01:18:00+00:00,63072.62890625,1549.68994140625,160.28599548339844,93.5999984741211,4341.10009765625,100.02999877929688
2026-06-08 01:19:00+00:00,63053.75,1549.47998046875,160.2779998779297,93.87000274658203,4341.60009765625,100.04499816894531
2026-06-08 01:20:00+00:00,62958.109375,1549.6800537109375,160.27999877929688,93.73999786376953,4338.2001953125,100.04499816894531
2026-06-08 01:21:00+00:00,62976.01953125,1549.47998046875,160.27499389648438,93.9000015258789,4339.7001953125,100.06099700927734
2026-06-08 01:22:00+00:00,63079.0,1549.3800048828125,160.2790069580078,93.77999877929688,4343.10009765625,100.05000305175781
2026-06-08 01:23:00+00:00,62994.37109375,1548.97998046875,160.281005859375,93.62000274658203,4348.89990234375,100.05000305175781
2026-06-08 01:24:00+00:00,62850.0,1549.47998046875,160.28900146484375,93.94000244140625,4345.5,100.06400299072266
2026-06-08 01:25:00+00:00,62824.0,1549.780029296875,160.3090057373047,94.29000091552734,4341.10009765625,100.08100128173828
2026-06-08 01:26:00+00:00,62902.0,1550.27001953125,160.31399536132812,94.19999694824219,4342.2998046875,100.0790023803711
2026-06-08 01:27:00+00:00,62947.2890625,1549.6800537109375,160.31199645996094,94.05000305175781,4343.2998046875,100.08599853515625
2026-06-08 01:28:00+00:00,62858.0,1549.8800048828125,160.3179931640625,94.31999969482422,4338.7998046875,100.11699676513672
2026-06-08 01:29:00+00:00,62793.12890625,1550.0799560546875,160.3159942626953,94.38999938964844,4338.2998046875,100.11199951171875
2026-06-08 01:30:00+00:00,62722.05859375,1550.1800537109375,160.33700561523438,94.73999786376953,4325.7998046875,100.15799713134766
2026-06-08 01:31:00+00:00,62950.55859375,1549.47998046875,160.3280029296875,94.22000122070312,4335.0,100.1240005493164
2026-06-08 01:32:00+00:00,62936.12109375,1548.47998046875,160.33099365234375,94.20999908447266,4340.5,100.12100219726562
2026-06-08 01:33:00+00:00,62914.78125,1548.3800048828125,160.3300018310547,94.16999816894531,4335.2001953125,100.12999725341797
2026-06-08 01:34:00+00:00,62988.078125,1548.47998046875,160.33099365234375,93.94000244140625,4339.39990234375,100.11599731445312
2026-06-08 01:35:00+00:00,63034.16015625,1548.5799560546875,160.32899475097656,93.93000030517578,4336.89990234375,100.10900115966797
2026-06-08 01:36:00+00:00,62931.6484375,1548.3800048828125,160.33200073242188,93.75,4339.5,100.10700225830078
2026-06-08 01:37:00+00:00,62959.01171875,1549.050048828125,160.34100341796875,93.87000274658203,4340.0,100.11900329589844
2026-06-08 01:38:00+00:00,63007.94921875,1548.47998046875,160.33999633789062,93.77999877929688,4341.2001953125,100.11199951171875
2026-06-08 01:39:00+00:00,62995.109375,1549.2099609375,160.33099365234375,93.80000305175781,4340.89990234375,100.11699676513672
2026-06-08 01:40:00+00:00,62990.0,1548.1800537109375,160.30999755859375,93.66999816894531,4343.60009765625,100.10299682617188
2026-06-08 01:41:00+00:00,63050.3203125,1548.1800537109375,160.3070068359375,93.63999938964844,4347.0,100.09400177001953
2026-06-08 01:42:00+00:00,63082.66015625,1547.5799560546875,160.2969970703125,93.5999984741211,4348.89990234375,100.08200073242188
2026-06-08 01:43:00+00:00,63052.01171875,1548.280029296875,160.31100463867188,93.5199966430664,4349.0,100.08699798583984
2026-06-08 01:44:00+00:00,63088.0,1548.3699951171875,160.3179931640625,93.62000274658203,4350.7001953125,100.08599853515625
2026-06-08 01:45:00+00:00,63132.08984375,1547.6800537109375,160.29800415039062,93.26000213623047,4352.7001953125,100.06099700927734
2026-06-08 01:46:00+00:00,63108.46875,1548.1800537109375,160.31100463867188,93.3499984741211,4350.5,100.06199645996094
2026-06-08 01:47:00+00:00,63067.859375,1548.47998046875,160.3090057373047,93.37999725341797,4348.5,100.07099914550781
2026-06-08 01:48:00+00:00,63075.58984375,1548.8599853515625,160.31199645996094,93.30999755859375,4350.39990234375,100.0719985961914
2026-06-08 01:49:00+00:00,63048.76953125,1549.280029296875,160.31500244140625,93.37000274658203,4348.0,100.08399963378906
2026-06-08 01:50:00+00:00,62975.58984375,1549.3699951171875,160.3249969482422,93.36000061035156,4345.2001953125,100.08799743652344
2026-06-08 01:51:00+00:00,63060.109375,1548.8800048828125,160.31900024414062,93.29000091552734,4350.60009765625,100.08100128173828
2026-06-08 01:52:00+00:00,63107.078125,1548.97998046875,160.33099365234375,93.2699966430664,4348.7998046875,100.08499908447266
2026-06-08 01:53:00+00:00,63004.05078125,1549.0799560546875,160.3300018310547,93.45999908447266,4346.0,100.09600067138672
2026-06-08 01:54:00+00:00,63032.80078125,1549.9599609375,160.3260040283203,93.47000122070312,4348.10009765625,100.0979995727539
2026-06-08 01:55:00+00:00,63125.83984375,1549.47998046875,160.33099365234375,93.29000091552734,4350.10009765625,100.08200073242188
2026-06-08 01:56:00+00:00,63207.21875,1549.0799560546875,160.322998046875,93.30000305175781,4352.2001953125,100.0719985961914
2026-06-08 01:57:00+00:00,63145.98046875,1549.5799560546875,160.3280029296875,93.31999969482422,4349.60009765625,100.07599639892578
2026-06-08 01:58:00+00:00,63125.8515625,1549.5799560546875,160.3280029296875,93.30999755859375,4348.7998046875,100.07499694824219
2026-06-08 01:59:00+00:00,63182.44921875,1548.97998046875,160.32699584960938,93.29000091552734,4349.60009765625,100.06800079345703
2026-06-08 02:00:00+00:00,63182.1796875,1548.6800537109375,160.33399963378906,93.30000305175781,4353.5,100.06600189208984
2026-06-08 02:01:00+00:00,63096.140625,1549.1500244140625,160.32200622558594,93.4000015258789,4347.0,100.06300354003906
2026-06-08 02:02:00+00:00,63110.1796875,1549.6700439453125,160.33399963378906,93.41999816894531,4347.39990234375,100.06900024414062
2026-06-08 02:03:00+00:00,63103.921875,1549.5799560546875,160.34800720214844,93.51000213623047,4346.7998046875,100.07499694824219
2026-06-08 02:04:00+00:00,63045.12890625,1549.5699462890625,160.3459930419922,93.54000091552734,4347.10009765625,100.08599853515625
2026-06-08 02:05:00+00:00,63035.73828125,1549.4200439453125,160.33999633789062,93.52999877929688,4346.0,100.08499908447266
2026-06-08 02:06:00+00:00,63072.48828125,1549.5799560546875,160.35299682617188,93.58999633789062,4345.7001953125,100.09300231933594
2026-06-08 02:07:00+00:00,63075.75,1549.489990234375,160.343994140625,93.63999938964844,4347.10009765625,100.09300231933594
2026-06-08 02:08:00+00:00,62984.98828125,1550.06005859375,160.3459930419922,93.5999984741211,4344.60009765625,100.10099792480469
2026-06-08 02:09:00+00:00,62987.37890625,1550.3900146484375,160.35000610351562,93.69000244140625,4342.89990234375,100.10299682617188
2026-06-08 02:10:00+00:00,63001.16015625,1550.1800537109375,160.35800170898438,93.66000366210938,4339.89990234375,100.11299896240234
2026-06-08 02:11:00+00:00,63033.48828125,1550.77001953125,160.35699462890625,93.58000183105469,4342.60009765625,100.11000061035156
2026-06-08 02:12:00+00:00,63100.3984375,1549.8399658203125,160.3489990234375,93.6500015258789,4340.89990234375,100.10399627685547
2026-06-08 02:13:00+00:00,63096.078125,1549.800048828125,160.35699462890625,93.73999786376953,4339.89990234375,100.09700012207031
2026-06-08 02:14:00+00:00,63096.78125,1549.8800048828125,160.35299682617188,93.70999908447266,4340.60009765625,100.08899688720703
2026-06-08 02:15:00+00:00,63003.03125,1550.050048828125,160.35800170898438,93.75,4341.10009765625,100.08499908447266
2026-06-08 02:16:00+00:00,63013.48828125,1550.219970703125,160.34300231933594,93.7699966430664,4339.2001953125,100.08100128173828
2026-06-08 02:17:00+00:00,63041.890625,1550.4599609375,160.33799743652344,93.69999694824219,4337.5,100.08399963378906
2026-06-08 02:18:00+00:00,62949.69921875,1550.52001953125,160.33700561523438,93.76000213623047,4337.0,100.09200286865234
2026-06-08 02:19:00+00:00,62942.44921875,1550.5999755859375,160.33700561523438,93.80000305175781,4335.7998046875,100.09300231933594
2026-06-08 02:20:00+00:00,62995.578125,1550.68994140625,160.33799743652344,93.73999786376953,4336.60009765625,100.08999633789062
2026-06-08 02:21:00+00:00,63031.9296875,1550.7099609375,160.3419952392578,93.75,4337.5,100.0770034790039
2026-06-08 02:22:00+00:00,63060.5703125,1550.7099609375,160.3459930419922,93.77999877929688,4338.7001953125,100.06700134277344
2026-06-08 02:23:00+00:00,63035.05859375,1551.0899658203125,160.3470001220703,93.68000030517578,4338.60009765625,100.06800079345703
2026-06-08 02:24:00+00:00,63128.37109375,1550.97998046875,160.33700561523438,93.62999725341797,4340.2998046875,100.05699920654297
2026-06-08 02:25:00+00:00,63140.0,1550.72998046875,160.33700561523438,93.69000244140625,4339.39990234375,100.05000305175781
2026-06-08 02:26:00+00:00,63168.98046875,1550.97998046875,160.3419952392578,93.68000030517578,4339.7998046875,100.05000305175781
2026-06-08 02:27:00+00:00,63133.01171875,1551.06005859375,160.33599853515625,93.79000091552734,4339.0,100.0469970703125
2026-06-08 02:28:00+00:00,63028.80859375,1551.780029296875,160.35000610351562,94.01000213623047,4337.60009765625,100.05899810791016
2026-06-08 02:29:00+00:00,63074.48828125,1551.6800537109375,160.3470001220703,93.94999694824219,4338.7001953125,100.05500030517578
2026-06-08 02:30:00+00:00,63108.48828125,1552.0799560546875,160.3489990234375,94.1500015258789,4335.7001953125,100.06900024414062
2026-06-08 02:31:00+00:00,63041.3203125,1552.0799560546875,160.35699462890625,94.08999633789062,4335.2001953125,100.06999969482422
2026-06-08 02:32:00+00:00,63019.421875,1552.4200439453125,160.35400390625,94.16999816894531,4335.2001953125,100.06700134277344
2026-06-08 02:33:00+00:00,62988.078125,1552.7900390625,160.35400390625,93.98999786376953,4336.39990234375,100.06300354003906
2026-06-08 02:34:00+00:00,62950.55859375,1552.5799560546875,160.3489990234375,94.06999969482422,4333.39990234375,100.06600189208984
2026-06-08 02:35:00+00:00,62931.98828125,1552.97998046875,160.3509979248047,94.19000244140625,4332.7001953125,100.06500244140625
2026-06-08 02:36:00+00:00,62941.46875,1552.6800537109375,160.3520050048828,93.91999816894531,4332.60009765625,100.06099700927734
2026-06-08 02:37:00+00:00,62973.69140625,1552.47998046875,160.3520050048828,93.77999877929688,4334.0,100.05799865722656
2026-06-08 02:38:00+00:00,63025.69140625,1552.81005859375,160.34300231933594,93.62999725341797,4333.2001953125,100.06099700927734
2026-06-08 02:39:00+00:00,63043.58984375,1552.949951171875,160.343994140625,93.62999725341797,4335.5,100.05999755859375
2026-06-08 02:40:00+00:00,63031.9296875,1552.8800048828125,160.34500122070312,93.6500015258789,4335.60009765625,100.05799865722656
2026-06-08 02:41:00+00:00,62997.41015625,1553.3800048828125,160.34300231933594,93.56999969482422,4334.39990234375,100.05500030517578
2026-06-08 02:42:00+00:00,63013.83984375,1553.2900390625,160.34500122070312,93.44999694824219,4334.89990234375,100.05899810791016
2026-06-08 02:43:00+00:00,63030.30859375,1553.18994140625,160.36099243164062,93.43000030517578,4336.7998046875,100.05699920654297
2026-06-08 02:44:00+00:00,63028.859375,1552.0799560546875,160.36199951171875,93.38999938964844,4340.2001953125,100.05699920654297
2026-06-08 02:45:00+00:00,63012.30078125,1549.8800048828125,160.36000061035156,93.37999725341797,4339.10009765625,100.05699920654297
2026-06-08 02:46:00+00:00,63013.71875,1548.6800537109375,160.36500549316406,93.31999969482422,4340.89990234375,100.052001953125
2026-06-08 02:47:00+00:00,62987.01953125,1547.6800537109375,160.35800170898438,93.36000061035156,4343.39990234375,100.05599975585938
2026-06-08 02:48:00+00:00,62952.01171875,1547.6800537109375,160.36199951171875,93.43000030517578,4340.7001953125,100.0510025024414
2026-06-08 02:49:00+00:00,63018.328125,1546.97998046875,160.3719940185547,93.44000244140625,4341.0,100.05500030517578
2026-06-08 02:50:00+00:00,63091.41015625,1547.469970703125,160.3679962158203,93.5999984741211,4340.39990234375,100.0479965209961
2026-06-08 02:51:00+00:00,63062.80859375,1546.780029296875,160.3699951171875,93.80000305175781,4335.7001953125,100.05699920654297
2026-06-08 02:52:00+00:00,63074.44921875,1547.6500244140625,160.36300659179688,93.69000244140625,4336.60009765625,100.0530014038086
2026-06-08 02:53:00+00:00,63050.03125,1546.8800048828125,160.36000061035156,93.66000366210938,4336.2001953125,100.05000305175781
2026-06-08 02:54:00+00:00,63056.98828125,1547.0899658203125,160.36199951171875,93.68000030517578,4335.7001953125,100.05000305175781
2026-06-08 02:55:00+00:00,63053.8515625,1547.4599609375,160.3679962158203,93.6500015258789,4336.0,100.03600311279297
2026-06-08 02:56:00+00:00,63048.3515625,1547.5,160.36900329589844,93.76000213623047,4336.89990234375,100.0459976196289
2026-06-08 02:57:00+00:00,63048.01171875,1547.300048828125,160.36399841308594,93.6500015258789,4335.7998046875,100.04399871826172
2026-06-08 02:58:00+00:00,63088.2109375,1547.280029296875,160.36399841308594,93.5999984741211,4336.7001953125,100.0469970703125
2026-06-08 02:59:00+00:00,63095.0,1548.9200439453125,160.3699951171875,93.63999938964844,4334.5,100.05599975585938
2026-06-08 03:00:00+00:00,63082.41015625,1548.9200439453125,160.3800048828125,93.62999725341797,4337.2998046875,100.05500030517578
2026-06-08 03:01:00+00:00,63066.44921875,1548.72998046875,160.37399291992188,93.76000213623047,4335.10009765625,100.06400299072266
2026-06-08 03:02:00+00:00,63045.109375,1548.6800537109375,160.38299560546875,93.80999755859375,4337.0,100.06900024414062
2026-06-08 03:03:00+00:00,62991.98046875,1548.260009765625,160.3780059814453,93.83000183105469,4335.2998046875,100.06999969482422
2026-06-08 03:04:00+00:00,62983.66015625,1548.449951171875,160.38499450683594,93.88999938964844,4334.89990234375,100.0719985961914
2026-06-08 03:05:00+00:00,62959.94921875,1548.1600341796875,160.38600158691406,93.86000061035156,4334.0,100.0719985961914
2026-06-08 03:06:00+00:00,63007.6015625,1548.0899658203125,160.3820037841797,93.80000305175781,4331.7001953125,100.06800079345703
2026-06-08 03:07:00+00:00,63025.6484375,1547.949951171875,160.38400268554688,93.8499984741211,4331.10009765625,100.06700134277344
2026-06-08 03:08:00+00:00,63110.01171875,1548.050048828125,160.38600158691406,93.73999786376953,4331.7998046875,100.05899810791016
2026-06-08 03:09:00+00:00,63206.0,1548.030029296875,160.3820037841797,93.80000305175781,4332.2001953125,100.05799865722656
2026-06-08 03:10:00+00:00,63357.328125,1548.010009765625,160.37600708007812,93.81999969482422,4330.89990234375,100.06300354003906
2026-06-08 03:11:00+00:00,63279.1015625,1548.780029296875,160.3780059814453,93.88999938964844,4329.2998046875,100.06600189208984
2026-06-08 03:12:00+00:00,63260.44921875,1548.1800537109375,160.38800048828125,93.95999908447266,4328.7001953125,100.0719985961914
2026-06-08 03:13:00+00:00,63216.609375,1548.6199951171875,160.38699340820312,93.83000183105469,4329.0,100.06999969482422
2026-06-08 03:14:00+00:00,63253.30078125,1549.0899658203125,160.38299560546875,93.77999877929688,4328.89990234375,100.06700134277344
2026-06-08 03:15:00+00:00,63273.9609375,1549.06005859375,160.38099670410156,93.80000305175781,4329.39990234375,100.06700134277344
2026-06-08 03:16:00+00:00,63246.0,1549.25,160.38400268554688,93.7699966430664,4329.0,100.072998046875
2026-06-08 03:17:00+00:00,63230.05078125,1549.1300048828125,160.3780059814453,93.87999725341797,4328.7998046875,100.0719985961914
2026-06-08 03:18:00+00:00,63183.5,1549.0899658203125,160.3780059814453,93.88999938964844,4329.60009765625,100.07599639892578
2026-06-08 03:19:00+00:00,63187.73828125,1549.0899658203125,160.3769989013672,93.86000061035156,4331.7998046875,100.0739974975586
2026-06-08 03:20:00+00:00,63237.609375,1548.47998046875,160.37100219726562,93.83999633789062,4332.10009765625,100.06900024414062
2026-06-08 03:21:00+00:00,63264.98046875,1548.8499755859375,160.37899780273438,93.83000183105469,4335.7998046875,100.06400299072266
2026-06-08 03:22:00+00:00,63246.98828125,1548.3800048828125,160.38400268554688,93.83000183105469,4333.2998046875,100.06099700927734
2026-06-08 03:23:00+00:00,63196.01171875,1548.280029296875,160.38299560546875,93.7699966430664,4334.10009765625,100.06099700927734
2026-06-08 03:24:00+00:00,63242.140625,1548.72998046875,160.38299560546875,93.69999694824219,4334.39990234375,100.06800079345703
2026-06-08 03:25:00+00:00,63170.05859375,1548.47998046875,160.38299560546875,93.68000030517578,4332.0,100.06900024414062
2026-06-08 03:26:00+00:00,63185.1796875,1548.6300048828125,160.37899780273438,93.68000030517578,4333.0,100.06800079345703
2026-06-08 03:27:00+00:00,63211.26953125,1548.6099853515625,160.38299560546875,93.66999816894531,4332.7001953125,100.06300354003906
2026-06-08 03:28:00+00:00,63147.8984375,1548.3800048828125,160.37899780273438,93.66000366210938,4331.7998046875,100.06500244140625
2026-06-08 03:29:00+00:00,63120.37109375,1548.77001953125,160.36700439453125,93.66000366210938,4331.39990234375,100.06300354003906
2026-06-08 03:30:00+00:00,63172.7890625,1548.22998046875,160.3520050048828,93.4800033569336,4332.10009765625,100.052001953125
2026-06-08 03:31:00+00:00,63146.828125,1548.7900390625,160.35899353027344,93.44000244140625,4331.2001953125,100.052001953125
2026-06-08 03:32:00+00:00,63155.96875,1548.47998046875,160.36000061035156,93.47000122070312,4330.10009765625,100.05500030517578
2026-06-08 03:33:00+00:00,63154.01953125,1548.9000244140625,160.37600708007812,93.41000366210938,4330.2001953125,100.05400085449219
2026-06-08 03:34:00+00:00,63155.25,1549.27001953125,160.375,93.38999938964844,4330.89990234375,100.05400085449219
2026-06-08 03:35:00+00:00,63154.640625,1548.81005859375,160.36399841308594,93.5,4331.0,100.0530014038086
2026-06-08 03:36:00+00:00,63131.01171875,1548.47998046875,160.3699951171875,93.5,4332.39990234375,100.0479965209961
2026-06-08 03:37:00+00:00,63068.4296875,1548.75,160.37100219726562,93.54000091552734,4332.0,100.05500030517578
2026-06-08 03:38:00+00:00,63042.01171875,1548.47998046875,160.36099243164062,93.48999786376953,4331.0,100.05400085449219
2026-06-08 03:39:00+00:00,63066.359375,1548.300048828125,160.35000610351562,93.44000244140625,4331.2998046875,100.052001953125
2026-06-08 03:40:00+00:00,63123.26171875,1548.8199462890625,160.3459930419922,93.41999816894531,4331.2998046875,100.0530014038086
2026-06-08 03:41:00+00:00,63153.98046875,1548.8499755859375,160.343994140625,93.44000244140625,4333.0,100.04900360107422
2026-06-08 03:42:00+00:00,63158.96875,1547.3800048828125,160.34800720214844,93.4000015258789,4333.2998046875,100.04499816894531
2026-06-08 03:43:00+00:00,63069.51171875,1548.9000244140625,160.3459930419922,93.44000244140625,4331.2998046875,100.0510025024414
2026-06-08 03:44:00+00:00,63095.48046875,1548.760009765625,160.343994140625,93.4800033569336,4334.0,100.04399871826172
2026-06-08 03:45:00+00:00,63128.640625,1548.780029296875,160.3520050048828,93.43000030517578,4334.7998046875,100.04100036621094
2026-06-08 03:46:00+00:00,63102.05859375,1549.27001953125,160.33700561523438,93.41000366210938,4335.5,100.04100036621094
2026-06-08 03:47:00+00:00,63072.05078125,1548.6199951171875,160.34500122070312,93.5,4335.2998046875,100.04299926757812
2026-06-08 03:48:00+00:00,63046.6015625,1549.449951171875,160.3419952392578,93.55999755859375,4335.7998046875,100.04299926757812
2026-06-08 03:49:00+00:00,63070.05078125,1548.9200439453125,160.33200073242188,93.52999877929688,4336.7001953125,100.03900146484375
2026-06-08 03:50:00+00:00,63061.44140625,1549.050048828125,160.33799743652344,93.55000305175781,4337.60009765625,100.04499816894531
2026-06-08 03:51:00+00:00,63059.46875,1548.280029296875,160.343994140625,93.55000305175781,4339.5,100.04199981689453
2026-06-08 03:52:00+00:00,63066.359375,1548.780029296875,160.33900451660156,93.55000305175781,4337.7998046875,100.04000091552734
2026-06-08 03:53:00+00:00,63090.58984375,1548.8800048828125,160.34300231933594,93.51000213623047,4340.60009765625,100.02999877929688
2026-06-08 03:54:00+00:00,63094.51171875,1548.739990234375,160.34300231933594,93.48999786376953,4339.2998046875,100.02999877929688
2026-06-08 03:55:00+00:00,63122.19140625,1549.2900390625,160.33700561523438,93.47000122070312,4339.2001953125,100.03299713134766
2026-06-08 03:56:00+00:00,63131.75,1548.8800048828125,160.33700561523438,93.52999877929688,4339.60009765625,100.03199768066406
2026-06-08 03:57:00+00:00,63118.01953125,1549.0799560546875,160.33999633789062,93.58000183105469,4338.60009765625,100.02899932861328
2026-06-08 03:58:00+00:00,63090.0,1548.969970703125,160.33700561523438,93.55000305175781,4339.7998046875,100.02899932861328
2026-06-08 03:59:00+00:00,63088.05078125,1548.97998046875,160.33900451660156,93.55000305175781,4341.89990234375,100.02849960327148
2026-06-08 04:00:00+00:00,63121.0703125,1548.97998046875,160.33999633789062,93.55000305175781,4344.0,100.02799987792969
2026-06-08 04:01:00+00:00,63132.87109375,1548.550048828125,160.33099365234375,93.58000183105469,4343.0,100.0250015258789
2026-06-08 04:02:00+00:00,63081.71875,1548.6600341796875,160.32699584960938,93.58999633789062,4343.2001953125,100.02400207519531
2026-06-08 04:03:00+00:00,62966.2109375,1548.0799560546875,160.33799743652344,93.63999938964844,4340.10009765625,100.03099822998047
2026-06-08 04:04:00+00:00,62934.91015625,1548.739990234375,160.33799743652344,93.68000030517578,4339.2998046875,100.04000091552734
2026-06-08 04:05:00+00:00,62906.75,1547.780029296875,160.33399963378906,93.70999908447266,4339.2001953125,100.04100036621094
2026-06-08 04:06:00+00:00,62844.12890625,1548.6600341796875,160.32899475097656,93.80000305175781,4339.89990234375,100.04100036621094
2026-06-08 04:07:00+00:00,62892.03125,1547.780029296875,160.3300018310547,93.80000305175781,4340.60009765625,100.03299713134766
2026-06-08 04:08:00+00:00,62912.23046875,1547.1800537109375,160.3209991455078,93.8499984741211,4342.5,100.03099822998047
2026-06-08 04:09:00+00:00,62934.0,1547.280029296875,160.33099365234375,93.87000274658203,4342.10009765625,100.03199768066406
2026-06-08 04:10:00+00:00,62930.890625,1547.6400146484375,160.32400512695312,93.80999755859375,4343.10009765625,100.02999877929688
2026-06-08 04:11:00+00:00,62927.3203125,1547.2099609375,160.3280029296875,93.88999938964844,4343.2998046875,100.02899932861328
2026-06-08 04:12:00+00:00,62887.109375,1546.3800048828125,160.31399536132812,93.8499984741211,4341.7998046875,100.0250015258789
2026-06-08 04:13:00+00:00,62922.01171875,1546.9000244140625,160.29800415039062,93.86000061035156,4341.60009765625,100.02200317382812
2026-06-08 04:14:00+00:00,62960.0,1546.8399658203125,160.29100036621094,93.79000091552734,4343.39990234375,100.01899719238281
2026-06-08 04:15:00+00:00,62919.25,1546.47998046875,160.29600524902344,93.73999786376953,4343.7998046875,100.01599884033203
2026-06-08 04:16:00+00:00,62986.3515625,1546.8499755859375,160.28700256347656,93.72000122070312,4345.7001953125,100.00900268554688
2026-06-08 04:17:00+00:00,63006.890625,1546.760009765625,160.29800415039062,93.76000213623047,4345.10009765625,100.01399993896484
2026-06-08 04:18:00+00:00,62978.01171875,1545.989990234375,160.2949981689453,93.73999786376953,4346.10009765625,100.01699829101562
2026-06-08 04:19:00+00:00,62876.4609375,1545.5799560546875,160.30299377441406,93.87999725341797,4342.7001953125,100.02300262451172
2026-06-08 04:20:00+00:00,62818.71875,1546.3699951171875,160.30799865722656,93.98999786376953,4342.10009765625,100.02400207519531
2026-06-08 04:21:00+00:00,62818.0390625,1546.3800048828125,160.30499267578125,93.95999908447266,4341.2001953125,100.03199768066406
2026-06-08 04:22:00+00:00,62902.01171875,1546.739990234375,160.3000030517578,93.9000015258789,4341.39990234375,100.0260009765625
2026-06-08 04:23:00+00:00,62850.96875,1546.8800048828125,160.29800415039062,93.86000061035156,4340.89990234375,100.02200317382812
2026-06-08 04:24:00+00:00,62872.30078125,1547.010009765625,160.3090057373047,93.83999633789062,4341.7998046875,100.0199966430664
2026-06-08 04:25:00+00:00,62885.9609375,1546.5999755859375,160.31300354003906,93.87000274658203,4341.5,100.01799774169922
2026-06-08 04:26:00+00:00,62922.3984375,1546.8299560546875,160.31900024414062,93.87000274658203,4341.5,100.01799774169922
2026-06-08 04:27:00+00:00,62892.421875,1545.6800537109375,160.31399536132812,93.87000274658203,4341.5,100.01799774169922
2026-06-08 04:28:00+00:00,62917.51953125,1545.47998046875,160.3159942626953,93.87000274658203,4341.5,100.01799774169922
2026-06-08 04:29:00+00:00,62905.671875,1545.47998046875,160.3159942626953,93.87000274658203,4341.5,100.01799774169922
2026-06-08 04:30:00+00:00,62872.87890625,1546.530029296875,160.31199645996094,93.87000274658203,4341.5,100.01799774169922
2026-06-08 04:31:00+00:00,62869.01171875,1546.8199462890625,160.3249969482422,93.87000274658203,4341.5,100.01799774169922
2026-06-08 04:32:00+00:00,62925.51953125,1547.06005859375,160.33200073242188,93.87000274658203,4341.5,100.01799774169922
2026-06-08 04:33:00+00:00,62840.8203125,1546.780029296875,160.32200622558594,93.87000274658203,4341.5,100.01799774169922
2026-06-08 04:34:00+00:00,62796.01171875,1547.5899658203125,160.3249969482422,93.87000274658203,4341.5,100.01799774169922
2026-06-08 04:35:00+00:00,62764.078125,1547.6700439453125,160.3249969482422,93.87000274658203,4341.5,100.01799774169922
